road,vol,speed,last-update-time
公园中路(人民路-河南路),5,37,2012-11-14  23:59:26 
公园中路(人民路-河南路),1,25,2012-11-14  23:58:25 
公园中路(人民路-河南路),4,26,2012-11-14  23:57:25 
公园中路(人民路-河南路),2,35,2012-11-14  23:56:25 
公园中路(人民路-河南路),5,32,2012-11-14  23:55:25 
公园中路(人民路-河南路),,,2012-11-14  23:54:25 
公园中路(人民路-河南路),2,32,2012-11-14  23:53:25 
公园中路(人民路-河南路),2,42,2012-11-14  23:52:25 
公园中路(人民路-河南路),2,31,2012-11-14  23:51:25 
公园中路(人民路-河南路),4,36,2012-11-14  23:50:25 
公园中路(人民路-河南路),2,30,2012-11-14  23:49:25 
公园中路(人民路-河南路),2,55,2012-11-14  23:48:25 
公园中路(人民路-河南路),4,34,2012-11-14  23:47:24 
公园中路(人民路-河南路),8,39,2012-11-14  23:46:22 
公园中路(人民路-河南路),3,29,2012-11-14  23:45:24 
公园中路(人民路-河南路),6,32,2012-11-14  23:44:24 
公园中路(人民路-河南路),2,66,2012-11-14  23:43:24 
公园中路(人民路-河南路),5,36,2012-11-14  23:42:24 
公园中路(人民路-河南路),1,49,2012-11-14  23:41:24 
公园中路(人民路-河南路),6,41,2012-11-14  23:40:24 
公园中路(人民路-河南路),2,36,2012-11-14  23:39:24 
公园中路(人民路-河南路),3,29,2012-11-14  23:38:24 
公园中路(人民路-河南路),4,33,2012-11-14  23:37:23 
公园中路(人民路-河南路),4,30,2012-11-14  23:36:24 
公园中路(人民路-河南路),3,26,2012-11-14  23:35:23 
公园中路(人民路-河南路),5,40,2012-11-14  23:34:23 
公园中路(人民路-河南路),3,36,2012-11-14  23:33:23 
公园中路(人民路-河南路),1,49,2012-11-14  23:32:23 
公园中路(人民路-河南路),2,34,2012-11-14  23:31:23 
公园中路(人民路-河南路),4,39,2012-11-14  23:30:23 
公园中路(人民路-河南路),1,50,2012-11-14  23:29:23 
公园中路(人民路-河南路),2,32,2012-11-14  23:28:23 
公园中路(人民路-河南路),1,33,2012-11-14  23:27:23 
公园中路(人民路-河南路),2,50,2012-11-14  23:26:23 
公园中路(人民路-河南路),6,40,2012-11-14  23:25:23 
公园中路(人民路-河南路),,,2012-11-14  23:24:23 
公园中路(人民路-河南路),2,81,2012-11-14  23:23:22 
公园中路(人民路-河南路),5,41,2012-11-14  23:22:23 
公园中路(人民路-河南路),6,29,2012-11-14  23:21:22 
公园中路(人民路-河南路),,,2012-11-14  23:20:22 
公园中路(人民路-河南路),,,2012-11-14  23:19:20 
公园中路(人民路-河南路),2,31,2012-11-14  23:18:22 
公园中路(人民路-河南路),4,36,2012-11-14  23:17:22 
公园中路(人民路-河南路),5,40,2012-11-14  23:16:22 
公园中路(人民路-河南路),3,26,2012-11-14  23:15:22 
公园中路(人民路-河南路),3,47,2012-11-14  23:14:22 
公园中路(人民路-河南路),3,25,2012-11-14  23:13:22 
公园中路(人民路-河南路),2,15,2012-11-14  23:12:22 
公园中路(人民路-河南路),3,36,2012-11-14  23:11:21 
公园中路(人民路-河南路),2,31,2012-11-14  23:10:21 
公园中路(人民路-河南路),3,16,2012-11-14  23:09:21 
公园中路(人民路-河南路),2,29,2012-11-14  23:08:21 
公园中路(人民路-河南路),3,22,2012-11-14  23:07:21 
公园中路(人民路-河南路),2,45,2012-11-14  23:06:21 
公园中路(人民路-河南路),2,32,2012-11-14  23:05:21 
公园中路(人民路-河南路),,,2012-11-14  23:04:19 
公园中路(人民路-河南路),1,6,2012-11-14  23:03:21 
公园中路(人民路-河南路),,,2012-11-14  23:02:21 
公园中路(人民路-河南路),2,23,2012-11-14  23:01:20 
公园中路(人民路-河南路),6,42,2012-11-14  23:00:20 
公园中路(人民路-河南路),1,45,2012-11-14  22:59:20 
公园中路(人民路-河南路),2,55,2012-11-14  22:58:20 
公园中路(人民路-河南路),3,44,2012-11-14  22:57:20 
公园中路(人民路-河南路),5,47,2012-11-14  22:56:20 
公园中路(人民路-河南路),5,43,2012-11-14  22:55:20 
公园中路(人民路-河南路),2,29,2012-11-14  22:54:20 
公园中路(人民路-河南路),3,44,2012-11-14  22:53:20 
公园中路(人民路-河南路),1,20,2012-11-14  22:52:20 
公园中路(人民路-河南路),3,35,2012-11-14  22:51:20 
公园中路(人民路-河南路),2,13,2012-11-14  22:50:18 
公园中路(人民路-河南路),3,36,2012-11-14  22:49:19 
公园中路(人民路-河南路),2,73,2012-11-14  22:48:19 
公园中路(人民路-河南路),7,105,2012-11-14  22:47:19 
公园中路(人民路-河南路),1,34,2012-11-14  22:46:19 
公园中路(人民路-河南路),1,49,2012-11-14  22:45:19 
公园中路(人民路-河南路),3,53,2012-11-14  22:44:19 
公园中路(人民路-河南路),1,42,2012-11-14  22:43:19 
公园中路(人民路-河南路),4,74,2012-11-14  22:42:19 
公园中路(人民路-河南路),3,29,2012-11-14  22:41:19 
公园中路(人民路-河南路),7,94,2012-11-14  22:40:18 
公园中路(人民路-河南路),3,77,2012-11-14  22:39:19 
公园中路(人民路-河南路),3,68,2012-11-14  22:38:18 
公园中路(人民路-河南路),1,35,2012-11-14  22:37:18 
公园中路(人民路-河南路),7,93,2012-11-14  22:36:18 
公园中路(人民路-河南路),,,2012-11-14  22:35:18 
公园中路(人民路-河南路),1,68,2012-11-14  22:34:18 
公园中路(人民路-河南路),2,62,2012-11-14  22:33:18 
公园中路(人民路-河南路),6,38,2012-11-14  22:32:18 
公园中路(人民路-河南路),3,32,2012-11-14  22:31:18 
公园中路(人民路-河南路),6,27,2012-11-14  22:30:18 
公园中路(人民路-河南路),2,25,2012-11-14  22:29:17 
公园中路(人民路-河南路),5,38,2012-11-14  22:29:16 
公园中路(人民路-河南路),,,2012-11-14  22:28:16 
公园中路(人民路-河南路),6,69,2012-11-14  22:27:16 
公园中路(人民路-河南路),1,17,2012-11-14  22:26:16 
公园中路(人民路-河南路),9,52,2012-11-14  22:25:15 
公园中路(人民路-河南路),1,16,2012-11-14  22:24:15 
公园中路(人民路-河南路),6,66,2012-11-14  22:23:15 
公园中路(人民路-河南路),4,50,2012-11-14  22:22:15 
公园中路(人民路-河南路),9,49,2012-11-14  22:21:15 
公园中路(人民路-河南路),1,51,2012-11-14  22:20:15 
公园中路(人民路-河南路),2,42,2012-11-14  22:19:15 
公园中路(人民路-河南路),2,47,2012-11-14  22:18:15 
公园中路(人民路-河南路),5,44,2012-11-14  22:17:15 
公园中路(人民路-河南路),4,77,2012-11-14  22:16:15 
公园中路(人民路-河南路),5,41,2012-11-14  22:15:15 
公园中路(人民路-河南路),6,73,2012-11-14  22:14:15 
公园中路(人民路-河南路),4,57,2012-11-14  22:13:15 
公园中路(人民路-河南路),10,55,2012-11-14  22:12:15 
公园中路(人民路-河南路),4,50,2012-11-14  22:11:14 
公园中路(人民路-河南路),3,56,2012-11-14  22:10:14 
公园中路(人民路-河南路),4,40,2012-11-14  22:09:14 
公园中路(人民路-河南路),7,53,2012-11-14  22:08:14 
公园中路(人民路-河南路),9,50,2012-11-14  22:07:14 
公园中路(人民路-河南路),3,46,2012-11-14  22:06:14 
公园中路(人民路-河南路),6,77,2012-11-14  22:05:14 
公园中路(人民路-河南路),1,39,2012-11-14  22:04:13 
公园中路(人民路-河南路),5,76,2012-11-14  22:03:14 
公园中路(人民路-河南路),5,73,2012-11-14  22:02:13 
公园中路(人民路-河南路),6,77,2012-11-14  22:01:14 
公园中路(人民路-河南路),3,41,2012-11-14  22:00:11 
公园中路(人民路-河南路),6,50,2012-11-14  21:59:13 
公园中路(人民路-河南路),7,55,2012-11-14  21:58:13 
公园中路(人民路-河南路),5,48,2012-11-14  21:57:13 
公园中路(人民路-河南路),5,39,2012-11-14  21:56:13 
公园中路(人民路-河南路),1,49,2012-11-14  21:55:13 
公园中路(人民路-河南路),3,38,2012-11-14  21:54:13 
公园中路(人民路-河南路),7,24,2012-11-14  21:53:13 
公园中路(人民路-河南路),5,46,2012-11-14  21:52:13 
公园中路(人民路-河南路),2,22,2012-11-14  21:51:12 
公园中路(人民路-河南路),4,29,2012-11-14  21:50:12 
公园中路(人民路-河南路),,,2012-11-14  21:49:12 
公园中路(人民路-河南路),6,30,2012-11-14  21:48:10 
公园中路(人民路-河南路),4,41,2012-11-14  21:47:12 
公园中路(人民路-河南路),5,33,2012-11-14  21:46:12 
公园中路(人民路-河南路),4,32,2012-11-14  21:45:12 
公园中路(人民路-河南路),1,28,2012-11-14  21:44:12 
公园中路(人民路-河南路),3,34,2012-11-14  21:43:12 
公园中路(人民路-河南路),4,36,2012-11-14  21:42:12 
公园中路(人民路-河南路),4,36,2012-11-14  21:41:12 
公园中路(人民路-河南路),1,28,2012-11-14  21:40:12 
公园中路(人民路-河南路),8,52,2012-11-14  21:39:11 
公园中路(人民路-河南路),2,31,2012-11-14  21:38:11 
公园中路(人民路-河南路),3,30,2012-11-14  21:37:11 
公园中路(人民路-河南路),5,47,2012-11-14  21:36:12 
公园中路(人民路-河南路),10,50,2012-11-14  21:35:11 
公园中路(人民路-河南路),11,46,2012-11-14  21:34:09 
公园中路(人民路-河南路),10,39,2012-11-14  21:33:12 
公园中路(人民路-河南路),6,66,2012-11-14  21:32:11 
公园中路(人民路-河南路),9,53,2012-11-14  21:31:11 
公园中路(人民路-河南路),6,49,2012-11-14  21:30:11 
公园中路(人民路-河南路),6,65,2012-11-14  21:29:11 
公园中路(人民路-河南路),10,61,2012-11-14  21:28:08 
公园中路(人民路-河南路),2,32,2012-11-14  21:27:10 
公园中路(人民路-河南路),7,65,2012-11-14  21:26:10 
公园中路(人民路-河南路),1,41,2012-11-14  21:25:10 
公园中路(人民路-河南路),5,32,2012-11-14  21:24:10 
公园中路(人民路-河南路),6,73,2012-11-14  21:23:10 
公园中路(人民路-河南路),7,43,2012-11-14  21:22:10 
公园中路(人民路-河南路),3,58,2012-11-14  21:21:10 
公园中路(人民路-河南路),11,58,2012-11-14  21:20:09 
公园中路(人民路-河南路),2,32,2012-11-14  21:19:09 
公园中路(人民路-河南路),3,37,2012-11-14  21:18:10 
公园中路(人民路-河南路),6,73,2012-11-14  21:17:09 
公园中路(人民路-河南路),2,62,2012-11-14  21:16:09 
公园中路(人民路-河南路),8,62,2012-11-14  21:15:07 
公园中路(人民路-河南路),12,46,2012-11-14  21:11:09 
公园中路(人民路-河南路),2,23,2012-11-14  21:10:09 
公园中路(人民路-河南路),4,73,2012-11-14  21:09:09 
公园中路(人民路-河南路),9,40,2012-11-14  21:08:09 
公园中路(人民路-河南路),5,26,2012-11-14  21:07:09 
公园中路(人民路-河南路),3,40,2012-11-14  21:06:09 
公园中路(人民路-河南路),5,58,2012-11-14  21:05:08 
公园中路(人民路-河南路),5,68,2012-11-14  21:04:08 
公园中路(人民路-河南路),6,61,2012-11-14  21:03:08 
公园中路(人民路-河南路),10,53,2012-11-14  21:02:08 
公园中路(人民路-河南路),1,19,2012-11-14  21:01:08 
公园中路(人民路-河南路),9,56,2012-11-14  21:00:08 
公园中路(人民路-河南路),3,27,2012-11-14  20:59:08 
公园中路(人民路-河南路),9,34,2012-11-14  20:58:08 
公园中路(人民路-河南路),9,61,2012-11-14  20:49:05 
公园中路(人民路-河南路),3,48,2012-11-14  20:48:05 
公园中路(人民路-河南路),7,25,2012-11-14  20:47:05 
公园中路(人民路-河南路),9,67,2012-11-14  20:46:05 
公园中路(人民路-河南路),6,40,2012-11-14  20:42:04 
公园中路(人民路-河南路),4,33,2012-11-14  20:31:06 
公园中路(人民路-河南路),6,53,2012-11-14  20:30:05 
公园中路(人民路-河南路),13,55,2012-11-14  20:29:05 
公园中路(人民路-河南路),4,61,2012-11-14  20:28:05 
公园中路(人民路-河南路),11,27,2012-11-14  20:27:05 
公园中路(人民路-河南路),5,54,2012-11-14  20:26:05 
公园中路(人民路-河南路),8,27,2012-11-14  20:25:05 
公园中路(人民路-河南路),13,58,2012-11-14  20:23:03 
公园中路(人民路-河南路),9,57,2012-11-14  20:22:04 
公园中路(人民路-河南路),8,39,2012-11-14  20:21:04 
公园中路(人民路-河南路),10,45,2012-11-14  20:20:04 
公园中路(人民路-河南路),3,30,2012-11-14  20:19:04 
公园中路(人民路-河南路),11,53,2012-11-14  20:18:04 
公园中路(人民路-河南路),3,44,2012-11-14  20:17:04 
公园中路(人民路-河南路),13,70,2012-11-14  20:16:04 
公园中路(人民路-河南路),7,54,2012-11-14  20:15:04 
公园中路(人民路-河南路),11,59,2012-11-14  20:14:04 
公园中路(人民路-河南路),5,36,2012-11-14  20:13:04 
公园中路(人民路-河南路),12,46,2012-11-14  20:12:04 
公园中路(人民路-河南路),5,21,2012-11-14  20:11:03 
公园中路(人民路-河南路),6,28,2012-11-14  20:10:04 
公园中路(人民路-河南路),5,41,2012-11-14  20:09:03 
公园中路(人民路-河南路),6,19,2012-11-14  20:08:03 
公园中路(人民路-河南路),10,33,2012-11-14  20:07:03 
公园中路(人民路-河南路),4,44,2012-11-14  20:06:01 
公园中路(人民路-河南路),10,32,2012-11-14  20:05:03 
公园中路(人民路-河南路),7,54,2012-11-14  20:04:03 
公园中路(人民路-河南路),9,33,2012-11-14  20:03:03 
公园中路(人民路-河南路),3,25,2012-11-14  20:02:03 
公园中路(人民路-河南路),7,29,2012-11-14  20:01:03 
公园中路(人民路-河南路),5,45,2012-11-14  20:00:03 
公园中路(人民路-河南路),13,25,2012-11-14  19:59:03 
公园中路(人民路-河南路),5,21,2012-11-14  19:58:02 
公园中路(人民路-河南路),8,30,2012-11-14  19:57:02 
公园中路(人民路-河南路),3,47,2012-11-14  19:56:00 
公园中路(人民路-河南路),9,25,2012-11-14  19:55:02 
公园中路(人民路-河南路),10,32,2012-11-14  19:54:02 
公园中路(人民路-河南路),5,20,2012-11-14  19:53:02 
公园中路(人民路-河南路),7,37,2012-11-14  19:52:02 
公园中路(人民路-河南路),5,27,2012-11-14  19:51:02 
公园中路(人民路-河南路),7,27,2012-11-14  19:50:02 
公园中路(人民路-河南路),7,40,2012-11-14  19:49:02 
公园中路(人民路-河南路),9,36,2012-11-14  19:48:02 
公园中路(人民路-河南路),6,56,2012-11-14  19:47:01 
公园中路(人民路-河南路),7,39,2012-11-14  19:46:01 
公园中路(人民路-河南路),10,22,2012-11-14  19:44:59 
公园中路(人民路-河南路),7,27,2012-11-14  19:44:01 
公园中路(人民路-河南路),13,25,2012-11-14  19:42:59 
公园中路(人民路-河南路),5,37,2012-11-14  19:42:01 
公园中路(人民路-河南路),9,35,2012-11-14  19:41:01 
公园中路(人民路-河南路),11,24,2012-11-14  19:40:01 
公园中路(人民路-河南路),7,31,2012-11-14  19:39:01 
公园中路(人民路-河南路),5,25,2012-11-14  19:38:01 
公园中路(人民路-河南路),7,25,2012-11-14  19:37:00 
公园中路(人民路-河南路),7,22,2012-11-14  19:36:01 
公园中路(人民路-河南路),6,23,2012-11-14  19:35:01 
公园中路(人民路-河南路),5,29,2012-11-14  19:34:00 
公园中路(人民路-河南路),7,18,2012-11-14  19:33:00 
公园中路(人民路-河南路),12,23,2012-11-14  19:32:00 
公园中路(人民路-河南路),6,24,2012-11-14  19:31:00 
公园中路(人民路-河南路),14,21,2012-11-14  19:30:00 
公园中路(人民路-河南路),7,27,2012-11-14  19:29:00 
公园中路(人民路-河南路),6,24,2012-11-14  19:27:58 
公园中路(人民路-河南路),6,25,2012-11-14  19:27:00 
公园中路(人民路-河南路),10,18,2012-11-14  19:26:00 
公园中路(人民路-河南路),5,11,2012-11-14  19:25:00 
公园中路(人民路-河南路),5,29,2012-11-14  19:23:59 
公园中路(人民路-河南路),7,19,2012-11-14  19:22:59 
公园中路(人民路-河南路),6,28,2012-11-14  19:21:59 
公园中路(人民路-河南路),7,25,2012-11-14  19:20:59 
公园中路(人民路-河南路),8,21,2012-11-14  19:19:59 
公园中路(人民路-河南路),5,38,2012-11-14  19:18:59 
公园中路(人民路-河南路),10,52,2012-11-14  19:17:59 
公园中路(人民路-河南路),8,53,2012-11-14  19:16:59 
公园中路(人民路-河南路),6,42,2012-11-14  19:15:59 
公园中路(人民路-河南路),9,32,2012-11-14  19:14:59 
公园中路(人民路-河南路),6,50,2012-11-14  19:13:59 
公园中路(人民路-河南路),15,39,2012-11-14  19:12:59 
公园中路(人民路-河南路),6,53,2012-11-14  19:11:58 
公园中路(人民路-河南路),9,42,2012-11-14  19:10:58 
公园中路(人民路-河南路),8,55,2012-11-14  19:09:58 
公园中路(人民路-河南路),3,49,2012-11-14  19:08:58 
公园中路(人民路-河南路),12,65,2012-11-14  19:07:58 
公园中路(人民路-河南路),6,31,2012-11-14  19:06:58 
公园中路(人民路-河南路),10,19,2012-11-14  19:05:56 
公园中路(人民路-河南路),8,19,2012-11-14  19:04:58 
公园中路(人民路-河南路),9,14,2012-11-14  19:03:58 
公园中路(人民路-河南路),1,19,2012-11-14  19:02:58 
公园中路(人民路-河南路),12,21,2012-11-14  19:01:57 
公园中路(人民路-河南路),6,23,2012-11-14  19:00:57 
公园中路(人民路-河南路),14,21,2012-11-14  18:59:55 
公园中路(人民路-河南路),4,38,2012-11-14  18:58:57 
公园中路(人民路-河南路),9,20,2012-11-14  18:57:58 
公园中路(人民路-河南路),8,25,2012-11-14  18:56:57 
公园中路(人民路-河南路),5,19,2012-11-14  18:55:57 
公园中路(人民路-河南路),11,18,2012-11-14  18:54:57 
公园中路(人民路-河南路),2,17,2012-11-14  18:53:57 
公园中路(人民路-河南路),12,55,2012-11-14  18:52:57 
公园中路(人民路-河南路),4,22,2012-11-14  18:51:57 
公园中路(人民路-河南路),12,31,2012-11-14  18:50:57 
公园中路(人民路-河南路),4,24,2012-11-14  18:49:56 
公园中路(人民路-河南路),5,26,2012-11-14  18:48:54 
公园中路(人民路-河南路),9,38,2012-11-14  18:44:56 
公园中路(人民路-河南路),9,21,2012-11-14  18:43:56 
公园中路(人民路-河南路),4,16,2012-11-14  18:42:56 
公园中路(人民路-河南路),13,29,2012-11-14  18:41:56 
公园中路(人民路-河南路),12,20,2012-11-14  18:40:55 
公园中路(人民路-河南路),5,24,2012-11-14  18:39:56 
公园中路(人民路-河南路),8,17,2012-11-14  18:38:56 
公园中路(人民路-河南路),6,25,2012-11-14  18:37:53 
公园中路(人民路-河南路),12,41,2012-11-14  18:36:53 
公园中路(人民路-河南路),7,39,2012-11-14  18:35:56 
公园中路(人民路-河南路),8,26,2012-11-14  18:34:55 
公园中路(人民路-河南路),6,30,2012-11-14  18:33:55 
公园中路(人民路-河南路),11,16,2012-11-14  18:32:55 
公园中路(人民路-河南路),10,21,2012-11-14  18:31:55 
公园中路(人民路-河南路),10,24,2012-11-14  18:30:55 
公园中路(人民路-河南路),5,27,2012-11-14  18:29:56 
公园中路(人民路-河南路),7,27,2012-11-14  18:28:54 
公园中路(人民路-河南路),7,27,2012-11-14  18:27:54 
公园中路(人民路-河南路),4,25,2012-11-14  18:26:54 
公园中路(人民路-河南路),3,25,2012-11-14  18:25:54 
公园中路(人民路-河南路),9,24,2012-11-14  18:24:54 
公园中路(人民路-河南路),12,33,2012-11-14  18:23:54 
公园中路(人民路-河南路),7,20,2012-11-14  18:22:54 
公园中路(人民路-河南路),6,31,2012-11-14  18:21:55 
公园中路(人民路-河南路),2,27,2012-11-14  18:20:54 
公园中路(人民路-河南路),6,27,2012-11-14  18:19:54 
公园中路(人民路-河南路),7,27,2012-11-14  18:18:53 
公园中路(人民路-河南路),8,29,2012-11-14  18:17:53 
公园中路(人民路-河南路),3,40,2012-11-14  18:16:53 
公园中路(人民路-河南路),14,42,2012-11-14  18:15:53 
公园中路(人民路-河南路),9,77,2012-11-14  18:14:53 
公园中路(人民路-河南路),7,23,2012-11-14  18:13:53 
公园中路(人民路-河南路),12,29,2012-11-14  18:12:53 
公园中路(人民路-河南路),3,34,2012-11-14  18:11:53 
公园中路(人民路-河南路),13,51,2012-11-14  18:10:53 
公园中路(人民路-河南路),4,33,2012-11-14  18:09:53 
公园中路(人民路-河南路),7,29,2012-11-14  18:08:53 
公园中路(人民路-河南路),6,38,2012-11-14  18:07:53 
公园中路(人民路-河南路),8,37,2012-11-14  18:06:53 
公园中路(人民路-河南路),9,63,2012-11-14  18:05:52 
公园中路(人民路-河南路),7,28,2012-11-14  18:04:53 
公园中路(人民路-河南路),4,32,2012-11-14  18:03:52 
公园中路(人民路-河南路),10,54,2012-11-14  18:02:52 
公园中路(人民路-河南路),7,51,2012-11-14  18:01:52 
公园中路(人民路-河南路),11,49,2012-11-14  18:00:52 
公园中路(人民路-河南路),7,32,2012-11-14  17:59:52 
公园中路(人民路-河南路),8,51,2012-11-14  17:58:52 
公园中路(人民路-河南路),13,40,2012-11-14  17:57:52 
公园中路(人民路-河南路),10,47,2012-11-14  17:56:52 
公园中路(人民路-河南路),10,48,2012-11-14  17:55:51 
公园中路(人民路-河南路),16,44,2012-11-14  17:54:51 
公园中路(人民路-河南路),12,44,2012-11-14  17:53:51 
公园中路(人民路-河南路),5,37,2012-11-14  17:52:51 
公园中路(人民路-河南路),19,47,2012-11-14  17:51:51 
公园中路(人民路-河南路),15,43,2012-11-14  17:50:51 
公园中路(人民路-河南路),13,44,2012-11-14  17:49:51 
公园中路(人民路-河南路),13,35,2012-11-14  17:48:51 
公园中路(人民路-河南路),15,33,2012-11-14  17:47:51 
公园中路(人民路-河南路),9,26,2012-11-14  17:46:51 
公园中路(人民路-河南路),8,50,2012-11-14  17:45:51 
公园中路(人民路-河南路),17,34,2012-11-14  17:44:51 
公园中路(人民路-河南路),6,8,2012-11-14  17:43:50 
公园中路(人民路-河南路),11,18,2012-11-14  17:42:51 
公园中路(人民路-河南路),11,20,2012-11-14  17:41:51 
公园中路(人民路-河南路),7,42,2012-11-14  17:40:50 
公园中路(人民路-河南路),6,43,2012-11-14  17:39:50 
公园中路(人民路-河南路),11,33,2012-11-14  17:38:50 
公园中路(人民路-河南路),8,16,2012-11-14  17:37:50 
公园中路(人民路-河南路),4,13,2012-11-14  17:36:50 
公园中路(人民路-河南路),,,2012-11-14  17:35:48 
公园中路(人民路-河南路),1,12,2012-11-14  17:34:50 
公园中路(人民路-河南路),,,2012-11-14  17:33:50 
公园中路(人民路-河南路),1,2,2012-11-14  17:32:50 
公园中路(人民路-河南路),4,23,2012-11-14  17:31:50 
公园中路(人民路-河南路),5,25,2012-11-14  17:30:49 
公园中路(人民路-河南路),14,32,2012-11-14  17:29:49 
公园中路(人民路-河南路),7,15,2012-11-14  17:28:49 
公园中路(人民路-河南路),12,19,2012-11-14  17:27:49 
公园中路(人民路-河南路),16,34,2012-11-14  17:26:49 
公园中路(人民路-河南路),7,41,2012-11-14  17:25:49 
公园中路(人民路-河南路),,,2012-11-14  17:24:47 
公园中路(人民路-河南路),,,2012-11-14  17:23:49 
公园中路(人民路-河南路),,,2012-11-14  17:22:49 
公园中路(人民路-河南路),,,2012-11-14  17:21:50 
公园中路(人民路-河南路),,,2012-11-14  17:20:49 
公园中路(人民路-河南路),8,11,2012-11-14  17:19:46 
公园中路(人民路-河南路),10,43,2012-11-14  17:18:48 
公园中路(人民路-河南路),10,62,2012-11-14  17:17:46 
公园中路(人民路-河南路),12,37,2012-11-14  17:16:48 
公园中路(人民路-河南路),7,33,2012-11-14  17:15:48 
公园中路(人民路-河南路),6,9,2012-11-14  17:14:48 
公园中路(人民路-河南路),,,2012-11-14  17:13:48 
公园中路(人民路-河南路),6,11,2012-11-14  17:12:48 
公园中路(人民路-河南路),7,18,2012-11-14  17:11:48 
公园中路(人民路-河南路),10,11,2012-11-14  17:10:48 
公园中路(人民路-河南路),10,17,2012-11-14  17:09:48 
公园中路(人民路-河南路),15,19,2012-11-14  17:08:47 
公园中路(人民路-河南路),11,31,2012-11-14  17:07:48 
公园中路(人民路-河南路),11,39,2012-11-14  17:06:47 
公园中路(人民路-河南路),12,42,2012-11-14  17:05:45 
公园中路(人民路-河南路),10,42,2012-11-14  17:04:47 
公园中路(人民路-河南路),14,41,2012-11-14  17:03:47 
公园中路(人民路-河南路),12,41,2012-11-14  17:02:47 
公园中路(人民路-河南路),11,39,2012-11-14  17:01:47 
公园中路(人民路-河南路),13,46,2012-11-14  17:00:47 
公园中路(人民路-河南路),10,53,2012-11-14  16:59:47 
公园中路(人民路-河南路),15,48,2012-11-14  16:58:47 
公园中路(人民路-河南路),12,53,2012-11-14  16:57:46 
公园中路(人民路-河南路),15,52,2012-11-14  16:56:46 
公园中路(人民路-河南路),9,37,2012-11-14  16:55:46 
公园中路(人民路-河南路),14,49,2012-11-14  16:54:44 
公园中路(人民路-河南路),11,66,2012-11-14  16:52:46 
公园中路(人民路-河南路),8,62,2012-11-14  16:51:46 
公园中路(人民路-河南路),13,49,2012-11-14  16:50:46 
公园中路(人民路-河南路),14,53,2012-11-14  16:49:46 
公园中路(人民路-河南路),7,29,2012-11-14  16:48:46 
公园中路(人民路-河南路),10,60,2012-11-14  16:47:45 
公园中路(人民路-河南路),9,48,2012-11-14  16:46:45 
公园中路(人民路-河南路),11,55,2012-11-14  16:45:45 
公园中路(人民路-河南路),11,56,2012-11-14  16:44:45 
公园中路(人民路-河南路),12,43,2012-11-14  16:43:45 
公园中路(人民路-河南路),8,31,2012-11-14  16:42:43 
公园中路(人民路-河南路),9,45,2012-11-14  16:41:46 
公园中路(人民路-河南路),15,68,2012-11-14  16:40:45 
公园中路(人民路-河南路),5,57,2012-11-14  16:39:45 
公园中路(人民路-河南路),19,50,2012-11-14  16:38:45 
公园中路(人民路-河南路),13,59,2012-11-14  16:37:45 
公园中路(人民路-河南路),22,67,2012-11-14  16:36:45 
公园中路(人民路-河南路),8,44,2012-11-14  16:35:45 
公园中路(人民路-河南路),10,49,2012-11-14  16:34:44 
公园中路(人民路-河南路),9,64,2012-11-14  16:33:45 
公园中路(人民路-河南路),10,42,2012-11-14  16:32:44 
公园中路(人民路-河南路),9,62,2012-11-14  16:31:44 
公园中路(人民路-河南路),12,26,2012-11-14  16:30:44 
公园中路(人民路-河南路),15,65,2012-11-14  16:29:44 
公园中路(人民路-河南路),16,47,2012-11-14  16:28:44 
公园中路(人民路-河南路),9,48,2012-11-14  16:27:44 
公园中路(人民路-河南路),10,61,2012-11-14  16:26:44 
公园中路(人民路-河南路),11,56,2012-11-14  16:25:45 
公园中路(人民路-河南路),8,55,2012-11-14  16:24:43 
公园中路(人民路-河南路),6,55,2012-11-14  16:23:44 
公园中路(人民路-河南路),3,64,2012-11-14  16:22:43 
公园中路(人民路-河南路),17,81,2012-11-14  16:21:43 
公园中路(人民路-河南路),8,52,2012-11-14  16:20:43 
公园中路(人民路-河南路),10,46,2012-11-14  16:19:43 
公园中路(人民路-河南路),10,64,2012-11-14  16:18:44 
公园中路(人民路-河南路),12,47,2012-11-14  16:17:43 
公园中路(人民路-河南路),20,52,2012-11-14  16:16:43 
公园中路(人民路-河南路),10,47,2012-11-14  16:15:43 
公园中路(人民路-河南路),12,69,2012-11-14  16:14:43 
公园中路(人民路-河南路),15,52,2012-11-14  16:13:43 
公园中路(人民路-河南路),10,64,2012-11-14  16:12:42 
公园中路(人民路-河南路),5,54,2012-11-14  16:11:43 
公园中路(人民路-河南路),14,65,2012-11-14  16:08:42 
公园中路(人民路-河南路),11,56,2012-11-14  16:07:42 
公园中路(人民路-河南路),9,64,2012-11-14  16:06:42 
公园中路(人民路-河南路),10,68,2012-11-14  16:05:40 
公园中路(人民路-河南路),7,53,2012-11-14  16:05:31 
公园中路(人民路-河南路),9,57,2012-11-14  16:05:31 
公园中路(人民路-河南路),7,59,2012-11-14  16:05:18 
公园中路(人民路-河南路),9,74,2012-11-14  16:04:37 
公园中路(人民路-河南路),5,39,2012-11-14  15:59:41 
公园中路(人民路-河南路),9,71,2012-11-14  15:58:41 
公园中路(人民路-河南路),12,47,2012-11-14  15:57:41 
公园中路(人民路-河南路),11,58,2012-11-14  15:56:41 
公园中路(人民路-河南路),12,41,2012-11-14  15:55:41 
公园中路(人民路-河南路),6,69,2012-11-14  15:54:41 
公园中路(人民路-河南路),14,37,2012-11-14  15:53:41 
公园中路(人民路-河南路),7,34,2012-11-14  15:52:41 
公园中路(人民路-河南路),5,26,2012-11-14  15:51:40 
公园中路(人民路-河南路),9,27,2012-11-14  15:50:41 
公园中路(人民路-河南路),8,22,2012-11-14  15:49:40 
公园中路(人民路-河南路),11,49,2012-11-14  15:48:40 
公园中路(人民路-河南路),9,73,2012-11-14  15:47:40 
公园中路(人民路-河南路),9,29,2012-11-14  15:46:38 
公园中路(人民路-河南路),7,54,2012-11-14  15:21:38 
公园中路(人民路-河南路),4,37,2012-11-14  15:20:38 
公园中路(人民路-河南路),12,49,2012-11-14  15:19:38 
公园中路(人民路-河南路),10,64,2012-11-14  15:18:38 
公园中路(人民路-河南路),15,47,2012-11-14  15:17:37 
公园中路(人民路-河南路),5,40,2012-11-14  15:16:37 
公园中路(人民路-河南路),9,28,2012-11-14  15:15:37 
公园中路(人民路-河南路),5,32,2012-11-14  15:14:38 
公园中路(人民路-河南路),10,66,2012-11-14  15:13:35 
公园中路(人民路-河南路),11,25,2012-11-14  15:12:37 
公园中路(人民路-河南路),12,25,2012-11-14  15:11:35 
公园中路(人民路-河南路),7,28,2012-11-14  15:06:37 
公园中路(人民路-河南路),7,24,2012-11-14  15:05:34 
公园中路(人民路-河南路),9,26,2012-11-14  15:04:36 
公园中路(人民路-河南路),8,22,2012-11-14  15:03:36 
公园中路(人民路-河南路),8,30,2012-11-14  15:02:36 
公园中路(人民路-河南路),4,19,2012-11-14  15:01:36 
公园中路(人民路-河南路),7,24,2012-11-14  15:00:36 
公园中路(人民路-河南路),7,36,2012-11-14  14:59:36 
公园中路(人民路-河南路),8,23,2012-11-14  14:58:36 
公园中路(人民路-河南路),9,33,2012-11-14  14:57:36 
公园中路(人民路-河南路),7,23,2012-11-14  14:56:36 
公园中路(人民路-河南路),11,19,2012-11-14  14:55:35 
公园中路(人民路-河南路),8,29,2012-11-14  14:54:35 
公园中路(人民路-河南路),11,30,2012-11-14  14:53:36 
公园中路(人民路-河南路),6,31,2012-11-14  14:52:35 
公园中路(人民路-河南路),13,25,2012-11-14  14:51:35 
公园中路(人民路-河南路),9,27,2012-11-14  14:50:35 
公园中路(人民路-河南路),7,22,2012-11-14  14:49:35 
公园中路(人民路-河南路),6,30,2012-11-14  14:48:35 
公园中路(人民路-河南路),7,29,2012-11-14  14:47:35 
公园中路(人民路-河南路),8,34,2012-11-14  14:46:35 
公园中路(人民路-河南路),7,36,2012-11-14  14:45:35 
公园中路(人民路-河南路),7,33,2012-11-14  14:44:35 
公园中路(人民路-河南路),6,17,2012-11-14  14:43:35 
公园中路(人民路-河南路),10,25,2012-11-14  14:42:35 
公园中路(人民路-河南路),7,25,2012-11-14  14:41:34 
公园中路(人民路-河南路),12,24,2012-11-14  14:40:34 
公园中路(人民路-河南路),3,46,2012-11-14  14:39:34 
公园中路(人民路-河南路),6,27,2012-11-14  14:38:34 
公园中路(人民路-河南路),10,26,2012-11-14  14:37:34 
公园中路(人民路-河南路),4,29,2012-11-14  14:36:34 
公园中路(人民路-河南路),9,29,2012-11-14  14:35:34 
公园中路(人民路-河南路),11,19,2012-11-14  14:34:34 
公园中路(人民路-河南路),12,23,2012-11-14  14:33:34 
公园中路(人民路-河南路),5,20,2012-11-14  14:32:33 
公园中路(人民路-河南路),9,21,2012-11-14  14:31:34 
公园中路(人民路-河南路),2,43,2012-11-14  14:30:34 
公园中路(人民路-河南路),11,31,2012-11-14  14:29:33 
公园中路(人民路-河南路),2,37,2012-11-14  14:28:33 
公园中路(人民路-河南路),13,22,2012-11-14  14:27:33 
公园中路(人民路-河南路),6,22,2012-11-14  14:26:33 
公园中路(人民路-河南路),12,47,2012-11-14  14:25:33 
公园中路(人民路-河南路),4,38,2012-11-14  14:24:33 
公园中路(人民路-河南路),6,56,2012-11-14  14:23:33 
公园中路(人民路-河南路),8,70,2012-11-14  14:22:33 
公园中路(人民路-河南路),7,60,2012-11-14  14:21:33 
公园中路(人民路-河南路),10,76,2012-11-14  14:20:33 
公园中路(人民路-河南路),6,67,2012-11-14  14:19:32 
公园中路(人民路-河南路),9,57,2012-11-14  14:18:32 
公园中路(人民路-河南路),10,61,2012-11-14  14:17:32 
公园中路(人民路-河南路),10,63,2012-11-14  14:16:32 
公园中路(人民路-河南路),6,56,2012-11-14  14:15:32 
公园中路(人民路-河南路),7,56,2012-11-14  14:14:33 
公园中路(人民路-河南路),4,37,2012-11-14  14:11:32 
公园中路(人民路-河南路),11,52,2012-11-14  14:10:33 
公园中路(人民路-河南路),6,48,2012-11-14  14:09:31 
公园中路(人民路-河南路),3,44,2012-11-14  14:08:31 
公园中路(人民路-河南路),12,56,2012-11-14  14:07:31 
公园中路(人民路-河南路),7,45,2012-11-14  14:06:31 
公园中路(人民路-河南路),9,55,2012-11-14  14:05:29 
公园中路(人民路-河南路),14,51,2012-11-14  13:58:29 
公园中路(人民路-河南路),7,58,2012-11-14  13:57:30 
公园中路(人民路-河南路),6,62,2012-11-14  13:56:31 
公园中路(人民路-河南路),2,18,2012-11-14  13:55:30 
公园中路(人民路-河南路),10,38,2012-11-14  13:54:30 
公园中路(人民路-河南路),2,20,2012-11-14  13:53:30 
公园中路(人民路-河南路),7,24,2012-11-14  13:52:30 
公园中路(人民路-河南路),6,31,2012-11-14  13:51:30 
公园中路(人民路-河南路),8,28,2012-11-14  13:50:30 
公园中路(人民路-河南路),9,20,2012-11-14  13:49:30 
公园中路(人民路-河南路),9,23,2012-11-14  13:48:30 
公园中路(人民路-河南路),4,31,2012-11-14  13:47:30 
公园中路(人民路-河南路),7,27,2012-11-14  13:46:29 
公园中路(人民路-河南路),9,23,2012-11-14  13:45:29 
公园中路(人民路-河南路),4,20,2012-11-14  13:44:29 
公园中路(人民路-河南路),5,26,2012-11-14  13:43:29 
公园中路(人民路-河南路),6,28,2012-11-14  13:42:29 
公园中路(人民路-河南路),14,35,2012-11-14  13:41:29 
公园中路(人民路-河南路),9,31,2012-11-14  13:40:29 
公园中路(人民路-河南路),7,25,2012-11-14  13:39:29 
公园中路(人民路-河南路),7,24,2012-11-14  13:38:29 
公园中路(人民路-河南路),11,25,2012-11-14  13:37:29 
公园中路(人民路-河南路),10,28,2012-11-14  13:36:28 
公园中路(人民路-河南路),5,22,2012-11-14  13:35:29 
公园中路(人民路-河南路),9,22,2012-11-14  13:34:29 
公园中路(人民路-河南路),8,22,2012-11-14  13:33:28 
公园中路(人民路-河南路),11,30,2012-11-14  13:32:28 
公园中路(人民路-河南路),4,41,2012-11-14  13:31:28 
公园中路(人民路-河南路),4,31,2012-11-14  13:30:29 
公园中路(人民路-河南路),9,51,2012-11-14  13:29:28 
公园中路(人民路-河南路),9,30,2012-11-14  13:28:28 
公园中路(人民路-河南路),6,31,2012-11-14  13:27:28 
公园中路(人民路-河南路),5,54,2012-11-14  13:26:29 
公园中路(人民路-河南路),9,44,2012-11-14  13:25:28 
公园中路(人民路-河南路),11,35,2012-11-14  13:24:28 
公园中路(人民路-河南路),6,36,2012-11-14  13:23:27 
公园中路(人民路-河南路),7,23,2012-11-14  13:22:27 
公园中路(人民路-河南路),9,40,2012-11-14  13:21:27 
公园中路(人民路-河南路),6,48,2012-11-14  13:20:27 
公园中路(人民路-河南路),14,58,2012-11-14  13:19:27 
公园中路(人民路-河南路),7,66,2012-11-14  13:18:27 
公园中路(人民路-河南路),12,61,2012-11-14  13:17:28 
公园中路(人民路-河南路),10,63,2012-11-14  13:16:27 
公园中路(人民路-河南路),9,46,2012-11-14  13:15:27 
公园中路(人民路-河南路),11,58,2012-11-14  13:14:27 
公园中路(人民路-河南路),11,57,2012-11-14  13:13:27 
公园中路(人民路-河南路),11,53,2012-11-14  13:12:26 
公园中路(人民路-河南路),4,47,2012-11-14  13:11:26 
公园中路(人民路-河南路),9,59,2012-11-14  13:10:26 
公园中路(人民路-河南路),8,56,2012-11-14  13:09:26 
公园中路(人民路-河南路),16,56,2012-11-14  13:08:26 
公园中路(人民路-河南路),8,46,2012-11-14  13:07:26 
公园中路(人民路-河南路),12,45,2012-11-14  13:06:26 
公园中路(人民路-河南路),5,67,2012-11-14  13:05:26 
公园中路(人民路-河南路),16,54,2012-11-14  13:04:26 
公园中路(人民路-河南路),11,60,2012-11-14  13:03:25 
公园中路(人民路-河南路),13,50,2012-11-14  13:02:26 
公园中路(人民路-河南路),9,54,2012-11-14  13:01:25 
公园中路(人民路-河南路),6,49,2012-11-14  13:00:25 
公园中路(人民路-河南路),15,61,2012-11-14  12:59:25 
公园中路(人民路-河南路),10,44,2012-11-14  12:58:25 
公园中路(人民路-河南路),7,61,2012-11-14  12:57:25 
公园中路(人民路-河南路),3,33,2012-11-14  12:56:25 
公园中路(人民路-河南路),12,66,2012-11-14  12:55:25 
公园中路(人民路-河南路),10,56,2012-11-14  12:54:23 
公园中路(人民路-河南路),18,61,2012-11-14  12:53:25 
公园中路(人民路-河南路),3,20,2012-11-14  12:52:24 
公园中路(人民路-河南路),12,44,2012-11-14  12:51:24 
公园中路(人民路-河南路),7,60,2012-11-14  12:50:24 
公园中路(人民路-河南路),10,57,2012-11-14  12:49:24 
公园中路(人民路-河南路),16,73,2012-11-14  12:48:24 
公园中路(人民路-河南路),5,45,2012-11-14  12:47:24 
公园中路(人民路-河南路),11,60,2012-11-14  12:46:24 
公园中路(人民路-河南路),6,48,2012-11-14  12:45:24 
公园中路(人民路-河南路),6,58,2012-11-14  12:44:24 
公园中路(人民路-河南路),9,52,2012-11-14  12:43:24 
公园中路(人民路-河南路),13,50,2012-11-14  12:42:24 
公园中路(人民路-河南路),7,81,2012-11-14  12:41:24 
公园中路(人民路-河南路),13,63,2012-11-14  12:40:21 
公园中路(人民路-河南路),7,59,2012-11-14  12:39:24 
公园中路(人民路-河南路),10,45,2012-11-14  12:38:23 
公园中路(人民路-河南路),7,71,2012-11-14  12:37:23 
公园中路(人民路-河南路),8,49,2012-11-14  12:36:23 
公园中路(人民路-河南路),13,70,2012-11-14  12:35:23 
公园中路(人民路-河南路),8,55,2012-11-14  12:34:23 
公园中路(人民路-河南路),12,47,2012-11-14  12:33:23 
公园中路(人民路-河南路),4,50,2012-11-14  12:32:23 
公园中路(人民路-河南路),8,66,2012-11-14  12:31:23 
公园中路(人民路-河南路),6,69,2012-11-14  12:30:23 
公园中路(人民路-河南路),9,50,2012-11-14  12:29:23 
公园中路(人民路-河南路),4,46,2012-11-14  12:28:23 
公园中路(人民路-河南路),9,61,2012-11-14  12:27:23 
公园中路(人民路-河南路),8,42,2012-11-14  12:26:22 
公园中路(人民路-河南路),2,18,2012-11-14  12:25:22 
公园中路(人民路-河南路),2,66,2012-11-14  12:24:22 
公园中路(人民路-河南路),11,46,2012-11-14  12:23:22 
公园中路(人民路-河南路),10,60,2012-11-14  12:22:22 
公园中路(人民路-河南路),7,99,2012-11-14  12:21:22 
公园中路(人民路-河南路),23,49,2012-11-14  12:20:22 
公园中路(人民路-河南路),5,61,2012-11-14  12:19:22 
公园中路(人民路-河南路),13,46,2012-11-14  12:18:21 
公园中路(人民路-河南路),10,57,2012-11-14  12:17:21 
公园中路(人民路-河南路),10,46,2012-11-14  12:16:22 
公园中路(人民路-河南路),5,81,2012-11-14  12:15:21 
公园中路(人民路-河南路),6,64,2012-11-14  12:14:21 
公园中路(人民路-河南路),9,68,2012-11-14  12:13:21 
公园中路(人民路-河南路),,,2012-11-14  12:12:21 
公园中路(人民路-河南路),9,53,2012-11-14  12:11:21 
公园中路(人民路-河南路),6,43,2012-11-14  12:10:21 
公园中路(人民路-河南路),13,54,2012-11-14  12:09:21 
公园中路(人民路-河南路),6,76,2012-11-14  12:08:21 
公园中路(人民路-河南路),9,29,2012-11-14  12:07:19 
公园中路(人民路-河南路),9,48,2012-11-14  12:06:20 
公园中路(人民路-河南路),3,23,2012-11-14  12:05:21 
公园中路(人民路-河南路),10,45,2012-11-14  12:04:20 
公园中路(人民路-河南路),11,44,2012-11-14  12:03:20 
公园中路(人民路-河南路),6,54,2012-11-14  12:02:20 
公园中路(人民路-河南路),13,46,2012-11-14  12:01:20 
公园中路(人民路-河南路),13,42,2012-11-14  12:00:20 
公园中路(人民路-河南路),10,22,2012-11-14  11:59:20 
公园中路(人民路-河南路),14,54,2012-11-14  11:58:20 
公园中路(人民路-河南路),11,33,2012-11-14  11:57:20 
公园中路(人民路-河南路),15,47,2012-11-14  11:56:20 
公园中路(人民路-河南路),5,39,2012-11-14  11:55:20 
公园中路(人民路-河南路),7,60,2012-11-14  11:54:19 
公园中路(人民路-河南路),4,54,2012-11-14  11:53:19 
公园中路(人民路-河南路),9,55,2012-11-14  11:52:19 
公园中路(人民路-河南路),11,55,2012-11-14  11:51:19 
公园中路(人民路-河南路),4,35,2012-11-14  11:50:20 
公园中路(人民路-河南路),11,36,2012-11-14  11:49:19 
公园中路(人民路-河南路),16,51,2012-11-14  11:48:19 
公园中路(人民路-河南路),12,65,2012-11-14  11:47:19 
公园中路(人民路-河南路),8,48,2012-11-14  11:46:19 
公园中路(人民路-河南路),16,50,2012-11-14  11:45:19 
公园中路(人民路-河南路),10,28,2012-11-14  11:44:19 
公园中路(人民路-河南路),9,30,2012-11-14  11:43:18 
公园中路(人民路-河南路),9,65,2012-11-14  11:42:19 
公园中路(人民路-河南路),9,23,2012-11-14  11:41:16 
公园中路(人民路-河南路),8,49,2012-11-14  11:40:18 
公园中路(人民路-河南路),16,60,2012-11-14  11:39:18 
公园中路(人民路-河南路),14,61,2012-11-14  11:38:18 
公园中路(人民路-河南路),4,38,2012-11-14  11:37:18 
公园中路(人民路-河南路),18,55,2012-11-14  11:36:18 
公园中路(人民路-河南路),5,63,2012-11-14  11:35:18 
公园中路(人民路-河南路),12,51,2012-11-14  11:34:18 
公园中路(人民路-河南路),14,49,2012-11-14  11:33:16 
公园中路(人民路-河南路),10,65,2012-11-14  11:25:17 
公园中路(人民路-河南路),11,48,2012-11-14  11:24:17 
公园中路(人民路-河南路),15,43,2012-11-14  11:23:15 
公园中路(人民路-河南路),8,65,2012-11-14  11:22:17 
公园中路(人民路-河南路),16,58,2012-11-14  11:21:17 
公园中路(人民路-河南路),4,41,2012-11-14  11:20:17 
公园中路(人民路-河南路),15,53,2012-11-14  11:19:17 
公园中路(人民路-河南路),8,64,2012-11-14  11:18:16 
公园中路(人民路-河南路),10,43,2012-11-14  11:17:16 
公园中路(人民路-河南路),12,49,2012-11-14  11:16:16 
公园中路(人民路-河南路),6,43,2012-11-14  11:15:16 
公园中路(人民路-河南路),12,43,2012-11-14  11:14:16 
公园中路(人民路-河南路),3,59,2012-11-14  11:13:16 
公园中路(人民路-河南路),9,80,2012-11-14  11:12:16 
公园中路(人民路-河南路),4,67,2012-11-14  11:11:17 
公园中路(人民路-河南路),9,79,2012-11-14  11:10:16 
公园中路(人民路-河南路),6,77,2012-11-14  11:09:15 
公园中路(人民路-河南路),9,26,2012-11-14  11:08:15 
公园中路(人民路-河南路),12,60,2012-11-14  11:07:15 
公园中路(人民路-河南路),9,66,2012-11-14  11:06:15 
公园中路(人民路-河南路),9,68,2012-11-14  11:05:16 
公园中路(人民路-河南路),10,59,2012-11-14  11:04:15 
公园中路(人民路-河南路),8,61,2012-11-14  11:03:16 
公园中路(人民路-河南路),7,60,2012-11-14  11:02:15 
公园中路(人民路-河南路),11,57,2012-11-14  11:01:15 
公园中路(人民路-河南路),9,58,2012-11-14  11:00:14 
公园中路(人民路-河南路),9,38,2012-11-14  10:59:15 
公园中路(人民路-河南路),6,65,2012-11-14  10:58:15 
公园中路(人民路-河南路),10,52,2012-11-14  10:57:14 
公园中路(人民路-河南路),6,73,2012-11-14  10:56:14 
公园中路(人民路-河南路),15,80,2012-11-14  10:55:14 
公园中路(人民路-河南路),9,60,2012-11-14  10:54:15 
公园中路(人民路-河南路),5,50,2012-11-14  10:53:14 
公园中路(人民路-河南路),10,32,2012-11-14  10:52:14 
公园中路(人民路-河南路),11,50,2012-11-14  10:51:14 
公园中路(人民路-河南路),11,57,2012-11-14  10:50:14 
公园中路(人民路-河南路),2,77,2012-11-14  10:49:14 
公园中路(人民路-河南路),11,46,2012-11-14  10:48:13 
公园中路(人民路-河南路),5,56,2012-11-14  10:47:14 
公园中路(人民路-河南路),5,35,2012-11-14  10:46:13 
公园中路(人民路-河南路),5,66,2012-11-14  10:45:13 
公园中路(人民路-河南路),8,43,2012-11-14  10:44:13 
公园中路(人民路-河南路),7,64,2012-11-14  10:43:11 
公园中路(人民路-河南路),8,44,2012-11-14  10:42:13 
公园中路(人民路-河南路),9,49,2012-11-14  10:41:11 
公园中路(人民路-河南路),3,46,2012-11-14  10:40:13 
公园中路(人民路-河南路),15,51,2012-11-14  10:39:13 
公园中路(人民路-河南路),10,63,2012-11-14  10:38:13 
公园中路(人民路-河南路),14,54,2012-11-14  10:37:13 
公园中路(人民路-河南路),6,35,2012-11-14  10:36:13 
公园中路(人民路-河南路),10,59,2012-11-14  10:35:12 
公园中路(人民路-河南路),10,59,2012-11-14  10:34:12 
公园中路(人民路-河南路),4,35,2012-11-14  10:33:12 
公园中路(人民路-河南路),11,57,2012-11-14  10:32:13 
公园中路(人民路-河南路),1,31,2012-11-14  10:31:12 
公园中路(人民路-河南路),11,48,2012-11-14  10:30:12 
公园中路(人民路-河南路),7,46,2012-11-14  10:29:12 
公园中路(人民路-河南路),13,59,2012-11-14  10:28:12 
公园中路(人民路-河南路),4,28,2012-11-14  10:27:12 
公园中路(人民路-河南路),11,51,2012-11-14  10:26:12 
公园中路(人民路-河南路),8,50,2012-11-14  10:25:12 
公园中路(人民路-河南路),12,56,2012-11-14  10:24:11 
公园中路(人民路-河南路),10,52,2012-11-14  10:23:11 
公园中路(人民路-河南路),9,40,2012-11-14  10:22:11 
公园中路(人民路-河南路),6,58,2012-11-14  10:21:11 
公园中路(人民路-河南路),7,57,2012-11-14  10:20:11 
公园中路(人民路-河南路),11,59,2012-11-14  10:19:11 
公园中路(人民路-河南路),11,62,2012-11-14  10:18:11 
公园中路(人民路-河南路),4,83,2012-11-14  10:17:11 
公园中路(人民路-河南路),6,75,2012-11-14  10:16:11 
公园中路(人民路-河南路),10,47,2012-11-14  10:15:11 
公园中路(人民路-河南路),8,61,2012-11-14  10:14:10 
公园中路(人民路-河南路),14,51,2012-11-14  10:13:10 
公园中路(人民路-河南路),5,56,2012-11-14  10:12:10 
公园中路(人民路-河南路),7,34,2012-11-14  10:11:10 
公园中路(人民路-河南路),10,65,2012-11-14  10:10:10 
公园中路(人民路-河南路),9,61,2012-11-14  10:09:10 
公园中路(人民路-河南路),5,61,2012-11-14  10:08:10 
公园中路(人民路-河南路),8,65,2012-11-14  10:07:10 
公园中路(人民路-河南路),12,48,2012-11-14  10:06:08 
公园中路(人民路-河南路),2,56,2012-11-14  10:05:10 
公园中路(人民路-河南路),8,60,2012-11-14  10:04:10 
公园中路(人民路-河南路),6,35,2012-11-14  10:03:10 
公园中路(人民路-河南路),11,61,2012-11-14  10:02:09 
公园中路(人民路-河南路),5,30,2012-11-14  10:01:09 
公园中路(人民路-河南路),7,65,2012-11-14  10:00:09 
公园中路(人民路-河南路),4,47,2012-11-14  9:59:09 
公园中路(人民路-河南路),12,51,2012-11-14  9:58:09 
公园中路(人民路-河南路),6,46,2012-11-14  9:57:09 
公园中路(人民路-河南路),6,39,2012-11-14  9:56:09 
公园中路(人民路-河南路),10,28,2012-11-14  9:55:09 
公园中路(人民路-河南路),6,19,2012-11-14  9:54:09 
公园中路(人民路-河南路),6,35,2012-11-14  9:53:09 
公园中路(人民路-河南路),5,23,2012-11-14  9:52:08 
公园中路(人民路-河南路),6,18,2012-11-14  9:51:09 
公园中路(人民路-河南路),2,26,2012-11-14  9:50:08 
公园中路(人民路-河南路),9,31,2012-11-14  9:49:08 
公园中路(人民路-河南路),4,25,2012-11-14  9:48:08 
公园中路(人民路-河南路),15,28,2012-11-14  9:47:06 
公园中路(人民路-河南路),11,60,2012-11-14  9:46:08 
公园中路(人民路-河南路),6,63,2012-11-14  9:45:08 
公园中路(人民路-河南路),7,70,2012-11-14  9:44:08 
公园中路(人民路-河南路),4,54,2012-11-14  9:43:08 
公园中路(人民路-河南路),15,63,2012-11-14  9:42:08 
公园中路(人民路-河南路),4,34,2012-11-14  9:39:08 
公园中路(人民路-河南路),13,58,2012-11-14  9:38:07 
公园中路(人民路-河南路),3,59,2012-11-14  9:37:07 
公园中路(人民路-河南路),7,62,2012-11-14  9:36:07 
公园中路(人民路-河南路),6,53,2012-11-14  9:35:07 
公园中路(人民路-河南路),7,42,2012-11-14  9:34:05 
公园中路(人民路-河南路),9,45,2012-11-14  9:33:05 
公园中路(人民路-河南路),6,55,2012-11-14  9:32:05 
公园中路(人民路-河南路),14,72,2012-11-14  9:31:07 
公园中路(人民路-河南路),5,62,2012-11-14  9:30:05 
公园中路(人民路-河南路),11,80,2012-11-14  9:29:04 
公园中路(人民路-河南路),2,48,2012-11-14  9:28:07 
公园中路(人民路-河南路),10,67,2012-11-14  9:27:07 
公园中路(人民路-河南路),4,56,2012-11-14  9:26:06 
公园中路(人民路-河南路),12,55,2012-11-14  9:25:06 
公园中路(人民路-河南路),12,53,2012-11-14  9:24:06 
公园中路(人民路-河南路),8,40,2012-11-14  9:23:06 
公园中路(人民路-河南路),11,53,2012-11-14  9:22:06 
公园中路(人民路-河南路),10,47,2012-11-14  9:21:06 
公园中路(人民路-河南路),16,43,2012-11-14  9:20:06 
公园中路(人民路-河南路),6,52,2012-11-14  9:19:06 
公园中路(人民路-河南路),16,59,2012-11-14  9:18:06 
公园中路(人民路-河南路),7,34,2012-11-14  9:17:06 
公园中路(人民路-河南路),6,31,2012-11-14  9:16:05 
公园中路(人民路-河南路),11,66,2012-11-14  9:15:05 
公园中路(人民路-河南路),8,59,2012-11-14  9:14:05 
公园中路(人民路-河南路),3,77,2012-11-14  9:13:06 
公园中路(人民路-河南路),8,52,2012-11-14  9:12:05 
公园中路(人民路-河南路),10,59,2012-11-14  9:11:05 
公园中路(人民路-河南路),5,70,2012-11-14  9:10:05 
公园中路(人民路-河南路),7,72,2012-11-14  9:09:05 
公园中路(人民路-河南路),2,38,2012-11-14  9:08:05 
公园中路(人民路-河南路),10,71,2012-11-14  9:07:02 
公园中路(人民路-河南路),5,48,2012-11-14  9:02:04 
公园中路(人民路-河南路),15,57,2012-11-14  9:01:02 
公园中路(人民路-河南路),14,60,2012-11-14  9:00:04 
公园中路(人民路-河南路),5,19,2012-11-14  8:59:04 
公园中路(人民路-河南路),9,56,2012-11-14  8:58:04 
公园中路(人民路-河南路),5,49,2012-11-14  8:57:04 
公园中路(人民路-河南路),10,55,2012-11-14  8:56:02 
公园中路(人民路-河南路),5,47,2012-11-14  8:55:05 
公园中路(人民路-河南路),9,54,2012-11-14  8:54:03 
公园中路(人民路-河南路),4,79,2012-11-14  8:53:03 
公园中路(人民路-河南路),5,48,2012-11-14  8:52:03 
公园中路(人民路-河南路),10,59,2012-11-14  8:51:03 
公园中路(人民路-河南路),9,46,2012-11-14  8:50:03 
公园中路(人民路-河南路),9,58,2012-11-14  8:49:03 
公园中路(人民路-河南路),6,60,2012-11-14  8:48:03 
公园中路(人民路-河南路),8,74,2012-11-14  8:47:03 
公园中路(人民路-河南路),8,50,2012-11-14  8:46:02 
公园中路(人民路-河南路),8,65,2012-11-14  8:45:03 
公园中路(人民路-河南路),6,23,2012-11-14  8:44:04 
公园中路(人民路-河南路),10,66,2012-11-14  8:43:02 
公园中路(人民路-河南路),4,53,2012-11-14  8:42:02 
公园中路(人民路-河南路),13,51,2012-11-14  8:41:02 
公园中路(人民路-河南路),4,51,2012-11-14  8:40:02 
公园中路(人民路-河南路),9,64,2012-11-14  8:39:02 
公园中路(人民路-河南路),8,74,2012-11-14  8:38:02 
公园中路(人民路-河南路),9,63,2012-11-14  8:37:02 
公园中路(人民路-河南路),8,63,2012-11-14  8:36:02 
公园中路(人民路-河南路),6,41,2012-11-14  8:35:02 
公园中路(人民路-河南路),11,70,2012-11-14  8:34:02 
公园中路(人民路-河南路),2,46,2012-11-14  8:33:02 
公园中路(人民路-河南路),5,52,2012-11-14  8:32:01 
公园中路(人民路-河南路),1,40,2012-11-14  8:31:02 
公园中路(人民路-河南路),16,53,2012-11-14  8:30:01 
公园中路(人民路-河南路),10,44,2012-11-14  8:29:01 
公园中路(人民路-河南路),14,43,2012-11-14  8:28:01 
公园中路(人民路-河南路),8,49,2012-11-14  8:27:01 
公园中路(人民路-河南路),12,27,2012-11-14  8:26:02 
公园中路(人民路-河南路),7,50,2012-11-14  8:25:01 
公园中路(人民路-河南路),12,58,2012-11-14  8:24:02 
公园中路(人民路-河南路),10,46,2012-11-14  8:23:01 
公园中路(人民路-河南路),8,55,2012-11-14  8:22:01 
公园中路(人民路-河南路),8,51,2012-11-14  8:21:01 
公园中路(人民路-河南路),4,45,2012-11-14  8:20:01 
公园中路(人民路-河南路),13,47,2012-11-14  8:19:00 
公园中路(人民路-河南路),7,47,2012-11-14  8:18:00 
公园中路(人民路-河南路),10,39,2012-11-14  8:17:00 
公园中路(人民路-河南路),5,63,2012-11-14  8:16:00 
公园中路(人民路-河南路),9,52,2012-11-14  8:15:00 
公园中路(人民路-河南路),13,65,2012-11-14  8:14:00 
公园中路(人民路-河南路),8,46,2012-11-14  8:13:00 
公园中路(人民路-河南路),13,45,2012-11-14  8:12:00 
公园中路(人民路-河南路),4,49,2012-11-14  8:11:00 
公园中路(人民路-河南路),11,53,2012-11-14  8:09:59 
公园中路(人民路-河南路),3,69,2012-11-14  8:09:00 
公园中路(人民路-河南路),13,54,2012-11-14  8:07:59 
公园中路(人民路-河南路),8,52,2012-11-14  8:04:59 
公园中路(人民路-河南路),9,59,2012-11-14  8:03:59 
公园中路(人民路-河南路),7,50,2012-11-14  8:02:59 
公园中路(人民路-河南路),9,59,2012-11-14  8:01:59 
公园中路(人民路-河南路),6,48,2012-11-14  8:00:59 
公园中路(人民路-河南路),8,54,2012-11-14  7:59:58 
公园中路(人民路-河南路),4,86,2012-11-14  7:58:56 
公园中路(人民路-河南路),12,47,2012-11-14  7:54:58 
公园中路(人民路-河南路),5,43,2012-11-14  7:53:58 
公园中路(人民路-河南路),18,52,2012-11-14  7:52:58 
公园中路(人民路-河南路),8,58,2012-11-14  7:51:58 
公园中路(人民路-河南路),10,56,2012-11-14  7:50:56 
公园中路(人民路-河南路),9,57,2012-11-14  7:49:58 
公园中路(人民路-河南路),8,46,2012-11-14  7:48:58 
公园中路(人民路-河南路),14,64,2012-11-14  7:47:58 
公园中路(人民路-河南路),2,51,2012-11-14  7:46:57 
公园中路(人民路-河南路),12,65,2012-11-14  7:45:57 
公园中路(人民路-河南路),3,84,2012-11-14  7:44:57 
公园中路(人民路-河南路),11,59,2012-11-14  7:43:55 
公园中路(人民路-河南路),5,70,2012-11-14  7:42:55 
公园中路(人民路-河南路),12,47,2012-11-14  7:41:55 
公园中路(人民路-河南路),9,52,2012-11-14  7:40:58 
公园中路(人民路-河南路),1,42,2012-11-14  7:37:55 
公园中路(人民路-河南路),11,71,2012-11-14  7:36:57 
公园中路(人民路-河南路),2,63,2012-11-14  7:35:56 
公园中路(人民路-河南路),5,65,2012-11-14  7:34:56 
公园中路(人民路-河南路),3,38,2012-11-14  7:33:54 
公园中路(人民路-河南路),6,61,2012-11-14  7:32:56 
公园中路(人民路-河南路),5,90,2012-11-14  7:29:57 
公园中路(人民路-河南路),9,72,2012-11-14  7:28:56 
公园中路(人民路-河南路),10,59,2012-11-14  7:27:56 
公园中路(人民路-河南路),4,51,2012-11-14  7:26:56 
公园中路(人民路-河南路),12,65,2012-11-14  7:25:56 
公园中路(人民路-河南路),6,38,2012-11-14  7:24:53 
公园中路(人民路-河南路),14,58,2012-11-14  7:23:55 
公园中路(人民路-河南路),1,31,2012-11-14  7:22:55 
公园中路(人民路-河南路),7,62,2012-11-14  7:21:55 
公园中路(人民路-河南路),1,20,2012-11-14  7:20:53 
公园中路(人民路-河南路),6,60,2012-11-14  7:19:55 
公园中路(人民路-河南路),6,54,2012-11-14  7:18:55 
公园中路(人民路-河南路),6,60,2012-11-14  7:17:55 
公园中路(人民路-河南路),10,90,2012-11-14  7:16:53 
公园中路(人民路-河南路),6,47,2012-11-14  7:15:55 
公园中路(人民路-河南路),10,91,2012-11-14  7:14:55 
公园中路(人民路-河南路),5,72,2012-11-14  7:13:55 
公园中路(人民路-河南路),11,89,2012-11-14  7:12:54 
公园中路(人民路-河南路),4,73,2012-11-14  7:11:54 
公园中路(人民路-河南路),13,69,2012-11-14  7:10:54 
公园中路(人民路-河南路),6,63,2012-11-14  7:09:54 
公园中路(人民路-河南路),9,46,2012-11-14  7:08:54 
公园中路(人民路-河南路),6,92,2012-11-14  7:07:54 
公园中路(人民路-河南路),6,60,2012-11-14  7:06:54 
公园中路(人民路-河南路),5,62,2012-11-14  7:05:54 
公园中路(人民路-河南路),3,40,2012-11-14  7:04:54 
公园中路(人民路-河南路),8,63,2012-11-14  7:03:54 
公园中路(人民路-河南路),1,57,2012-11-14  7:02:54 
公园中路(人民路-河南路),7,68,2012-11-14  7:01:54 
公园中路(人民路-河南路),2,48,2012-11-14  7:00:53 
公园中路(人民路-河南路),8,77,2012-11-14  6:59:53 
公园中路(人民路-河南路),5,47,2012-11-14  6:58:53 
公园中路(人民路-河南路),9,73,2012-11-14  6:57:53 
公园中路(人民路-河南路),4,56,2012-11-14  6:56:53 
公园中路(人民路-河南路),4,60,2012-11-14  6:55:53 
公园中路(人民路-河南路),4,26,2012-11-14  6:54:53 
公园中路(人民路-河南路),1,42,2012-11-14  6:53:53 
公园中路(人民路-河南路),5,47,2012-11-14  6:52:53 
公园中路(人民路-河南路),,,2012-11-14  6:51:53 
公园中路(人民路-河南路),4,58,2012-11-14  6:50:50 
公园中路(人民路-河南路),2,81,2012-11-14  6:49:52 
公园中路(人民路-河南路),10,73,2012-11-14  6:48:52 
公园中路(人民路-河南路),4,56,2012-11-14  6:47:52 
公园中路(人民路-河南路),7,102,2012-11-14  6:46:52 
公园中路(人民路-河南路),3,49,2012-11-14  6:45:52 
公园中路(人民路-河南路),3,34,2012-11-14  6:44:52 
公园中路(人民路-河南路),6,62,2012-11-14  6:43:52 
公园中路(人民路-河南路),1,33,2012-11-14  6:42:52 
公园中路(人民路-河南路),4,87,2012-11-14  6:41:52 
公园中路(人民路-河南路),3,41,2012-11-14  6:40:52 
公园中路(人民路-河南路),4,63,2012-11-14  6:39:51 
公园中路(人民路-河南路),2,18,2012-11-14  6:38:51 
公园中路(人民路-河南路),8,34,2012-11-14  6:37:49 
公园中路(人民路-河南路),2,60,2012-11-14  6:36:51 
公园中路(人民路-河南路),10,68,2012-11-14  6:35:51 
公园中路(人民路-河南路),2,66,2012-11-14  6:34:51 
公园中路(人民路-河南路),4,44,2012-11-14  6:33:51 
公园中路(人民路-河南路),4,69,2012-11-14  6:32:51 
公园中路(人民路-河南路),4,69,2012-11-14  6:31:51 
公园中路(人民路-河南路),1,25,2012-11-14  6:30:50 
公园中路(人民路-河南路),1,72,2012-11-14  6:29:51 
公园中路(人民路-河南路),5,58,2012-11-14  6:28:51 
公园中路(人民路-河南路),2,34,2012-11-14  6:27:50 
公园中路(人民路-河南路),3,40,2012-11-14  6:26:50 
公园中路(人民路-河南路),4,67,2012-11-14  6:23:50 
公园中路(人民路-河南路),5,67,2012-11-14  6:22:48 
公园中路(人民路-河南路),2,116,2012-11-14  6:21:50 
公园中路(人民路-河南路),2,40,2012-11-14  6:20:50 
公园中路(人民路-河南路),3,60,2012-11-14  6:19:50 
公园中路(人民路-河南路),1,47,2012-11-14  6:18:50 
公园中路(人民路-河南路),2,99,2012-11-14  6:17:50 
公园中路(人民路-河南路),2,89,2012-11-14  6:16:49 
公园中路(人民路-河南路),6,82,2012-11-14  6:15:49 
公园中路(人民路-河南路),,,2012-11-14  6:14:49 
公园中路(人民路-河南路),3,63,2012-11-14  6:13:49 
公园中路(人民路-河南路),3,83,2012-11-14  6:12:49 
公园中路(人民路-河南路),3,57,2012-11-14  6:11:49 
公园中路(人民路-河南路),1,36,2012-11-14  6:10:49 
公园中路(人民路-河南路),3,53,2012-11-14  6:09:49 
公园中路(人民路-河南路),2,21,2012-11-14  6:08:49 
公园中路(人民路-河南路),2,38,2012-11-14  6:07:49 
公园中路(人民路-河南路),2,48,2012-11-14  6:06:49 
公园中路(人民路-河南路),,,2012-11-14  6:05:49 
公园中路(人民路-河南路),4,48,2012-11-14  6:04:48 
公园中路(人民路-河南路),,,2012-11-14  6:03:48 
公园中路(人民路-河南路),1,39,2012-11-14  6:02:48 
公园中路(人民路-河南路),,,2012-11-14  6:01:48 
公园中路(人民路-河南路),3,23,2012-11-14  6:00:46 
公园中路(人民路-河南路),1,101,2012-11-14  5:59:48 
公园中路(人民路-河南路),,,2012-11-14  5:58:48 
公园中路(人民路-河南路),2,51,2012-11-14  5:57:48 
公园中路(人民路-河南路),5,79,2012-11-14  5:56:48 
公园中路(人民路-河南路),,,2012-11-14  5:55:47 
公园中路(人民路-河南路),,,2012-11-14  5:54:48 
公园中路(人民路-河南路),2,42,2012-11-14  5:53:48 
公园中路(人民路-河南路),,,2012-11-14  5:52:47 
公园中路(人民路-河南路),3,77,2012-11-14  5:51:47 
公园中路(人民路-河南路),2,63,2012-11-14  5:50:47 
公园中路(人民路-河南路),1,47,2012-11-14  5:49:47 
公园中路(人民路-河南路),2,67,2012-11-14  5:48:47 
公园中路(人民路-河南路),,,2012-11-14  5:47:47 
公园中路(人民路-河南路),,,2012-11-14  5:46:47 
公园中路(人民路-河南路),1,26,2012-11-14  5:45:47 
公园中路(人民路-河南路),2,117,2012-11-14  5:44:47 
公园中路(人民路-河南路),1,44,2012-11-14  5:43:46 
公园中路(人民路-河南路),1,22,2012-11-14  5:42:46 
公园中路(人民路-河南路),,,2012-11-14  5:41:46 
公园中路(人民路-河南路),2,71,2012-11-14  5:40:46 
公园中路(人民路-河南路),,,2012-11-14  5:39:46 
公园中路(人民路-河南路),1,59,2012-11-14  5:38:46 
公园中路(人民路-河南路),1,42,2012-11-14  5:37:46 
公园中路(人民路-河南路),2,62,2012-11-14  5:36:44 
公园中路(人民路-河南路),,,2012-11-14  5:35:46 
公园中路(人民路-河南路),,,2012-11-14  5:34:46 
公园中路(人民路-河南路),2,59,2012-11-14  5:33:46 
公园中路(人民路-河南路),3,60,2012-11-14  5:32:46 
公园中路(人民路-河南路),2,44,2012-11-14  5:31:45 
公园中路(人民路-河南路),,,2012-11-14  5:30:45 
公园中路(人民路-河南路),2,48,2012-11-14  5:29:45 
公园中路(人民路-河南路),1,22,2012-11-14  5:28:45 
公园中路(人民路-河南路),2,45,2012-11-14  5:27:45 
公园中路(人民路-河南路),,,2012-11-14  5:26:45 
公园中路(人民路-河南路),1,49,2012-11-14  5:25:45 
公园中路(人民路-河南路),1,83,2012-11-14  5:24:45 
公园中路(人民路-河南路),,,2012-11-14  5:23:45 
公园中路(人民路-河南路),,,2012-11-14  5:22:45 
公园中路(人民路-河南路),,,2012-11-14  5:21:45 
公园中路(人民路-河南路),1,5,2012-11-14  5:20:44 
公园中路(人民路-河南路),1,19,2012-11-14  5:19:44 
公园中路(人民路-河南路),,,2012-11-14  5:18:45 
公园中路(人民路-河南路),,,2012-11-14  5:17:44 
公园中路(人民路-河南路),,,2012-11-14  5:16:44 
公园中路(人民路-河南路),1,57,2012-11-14  5:15:42 
公园中路(人民路-河南路),2,65,2012-11-14  5:14:44 
公园中路(人民路-河南路),4,90,2012-11-14  5:13:44 
公园中路(人民路-河南路),,,2012-11-14  5:12:44 
公园中路(人民路-河南路),,,2012-11-14  5:11:43 
公园中路(人民路-河南路),,,2012-11-14  5:10:43 
公园中路(人民路-河南路),,,2012-11-14  5:09:44 
公园中路(人民路-河南路),,,2012-11-14  5:08:43 
公园中路(人民路-河南路),,,2012-11-14  5:07:43 
公园中路(人民路-河南路),,,2012-11-14  5:06:43 
公园中路(人民路-河南路),1,13,2012-11-14  5:05:43 
公园中路(人民路-河南路),,,2012-11-14  5:04:43 
公园中路(人民路-河南路),,,2012-11-14  5:03:43 
公园中路(人民路-河南路),,,2012-11-14  5:02:43 
公园中路(人民路-河南路),,,2012-11-14  5:01:43 
公园中路(人民路-河南路),1,40,2012-11-14  5:00:43 
公园中路(人民路-河南路),1,28,2012-11-14  4:59:43 
公园中路(人民路-河南路),2,57,2012-11-14  4:58:43 
公园中路(人民路-河南路),,,2012-11-14  4:57:42 
公园中路(人民路-河南路),1,49,2012-11-14  4:56:42 
公园中路(人民路-河南路),,,2012-11-14  4:55:42 
公园中路(人民路-河南路),2,93,2012-11-14  4:54:42 
公园中路(人民路-河南路),,,2012-11-14  4:53:42 
公园中路(人民路-河南路),3,38,2012-11-14  4:52:42 
公园中路(人民路-河南路),1,15,2012-11-14  4:51:42 
公园中路(人民路-河南路),,,2012-11-14  4:50:42 
公园中路(人民路-河南路),,,2012-11-14  4:49:42 
公园中路(人民路-河南路),,,2012-11-14  4:48:42 
公园中路(人民路-河南路),,,2012-11-14  4:47:42 
公园中路(人民路-河南路),,,2012-11-14  4:46:41 
公园中路(人民路-河南路),,,2012-11-14  4:45:41 
公园中路(人民路-河南路),2,54,2012-11-14  4:44:41 
公园中路(人民路-河南路),4,77,2012-11-14  4:43:41 
公园中路(人民路-河南路),,,2012-11-14  4:42:41 
公园中路(人民路-河南路),,,2012-11-14  4:41:41 
公园中路(人民路-河南路),,,2012-11-14  4:40:41 
公园中路(人民路-河南路),,,2012-11-14  4:39:41 
公园中路(人民路-河南路),1,23,2012-11-14  4:38:41 
公园中路(人民路-河南路),,,2012-11-14  4:37:41 
公园中路(人民路-河南路),,,2012-11-14  4:36:40 
公园中路(人民路-河南路),2,38,2012-11-14  4:35:41 
公园中路(人民路-河南路),1,36,2012-11-14  4:34:41 
公园中路(人民路-河南路),,,2012-11-14  4:33:40 
公园中路(人民路-河南路),,,2012-11-14  4:32:40 
公园中路(人民路-河南路),1,33,2012-11-14  4:31:40 
公园中路(人民路-河南路),,,2012-11-14  4:30:40 
公园中路(人民路-河南路),,,2012-11-14  4:29:40 
公园中路(人民路-河南路),,,2012-11-14  4:28:40 
公园中路(人民路-河南路),,,2012-11-14  4:27:40 
公园中路(人民路-河南路),,,2012-11-14  4:26:40 
公园中路(人民路-河南路),,,2012-11-14  4:25:40 
公园中路(人民路-河南路),,,2012-11-14  4:24:40 
公园中路(人民路-河南路),,,2012-11-14  4:23:40 
公园中路(人民路-河南路),1,18,2012-11-14  4:22:39 
公园中路(人民路-河南路),1,15,2012-11-14  4:21:39 
公园中路(人民路-河南路),1,15,2012-11-14  4:20:39 
公园中路(人民路-河南路),,,2012-11-14  4:19:39 
公园中路(人民路-河南路),1,53,2012-11-14  4:18:39 
公园中路(人民路-河南路),1,30,2012-11-14  4:17:39 
公园中路(人民路-河南路),,,2012-11-14  4:16:39 
公园中路(人民路-河南路),,,2012-11-14  4:15:37 
公园中路(人民路-河南路),,,2012-11-14  4:14:39 
公园中路(人民路-河南路),,,2012-11-14  4:13:39 
公园中路(人民路-河南路),1,26,2012-11-14  4:12:38 
公园中路(人民路-河南路),1,81,2012-11-14  4:11:38 
公园中路(人民路-河南路),,,2012-11-14  4:10:38 
公园中路(人民路-河南路),,,2012-11-14  4:09:38 
公园中路(人民路-河南路),,,2012-11-14  4:08:38 
公园中路(人民路-河南路),,,2012-11-14  4:07:38 
公园中路(人民路-河南路),,,2012-11-14  4:06:38 
公园中路(人民路-河南路),1,47,2012-11-14  4:05:38 
公园中路(人民路-河南路),2,33,2012-11-14  4:04:38 
公园中路(人民路-河南路),1,44,2012-11-14  4:03:38 
公园中路(人民路-河南路),,,2012-11-14  4:02:38 
公园中路(人民路-河南路),,,2012-11-14  3:59:37 
公园中路(人民路-河南路),,,2012-11-14  3:58:37 
公园中路(人民路-河南路),1,44,2012-11-14  3:57:37 
公园中路(人民路-河南路),,,2012-11-14  3:56:37 
公园中路(人民路-河南路),,,2012-11-14  3:55:37 
公园中路(人民路-河南路),,,2012-11-14  3:54:37 
公园中路(人民路-河南路),2,62,2012-11-14  3:53:37 
公园中路(人民路-河南路),,,2012-11-14  3:52:37 
公园中路(人民路-河南路),,,2012-11-14  3:51:35 
公园中路(人民路-河南路),1,41,2012-11-14  3:50:37 
公园中路(人民路-河南路),,,2012-11-14  3:49:37 
公园中路(人民路-河南路),,,2012-11-14  3:46:36 
公园中路(人民路-河南路),,,2012-11-14  3:45:36 
公园中路(人民路-河南路),,,2012-11-14  3:44:36 
公园中路(人民路-河南路),,,2012-11-14  3:43:36 
公园中路(人民路-河南路),,,2012-11-14  3:42:36 
公园中路(人民路-河南路),,,2012-11-14  3:41:36 
公园中路(人民路-河南路),1,48,2012-11-14  3:40:36 
公园中路(人民路-河南路),1,115,2012-11-14  3:39:34 
公园中路(人民路-河南路),,,2012-11-14  3:38:33 
公园中路(人民路-河南路),,,2012-11-14  3:37:35 
公园中路(人民路-河南路),2,39,2012-11-14  3:36:35 
公园中路(人民路-河南路),,,2012-11-14  3:35:35 
公园中路(人民路-河南路),,,2012-11-14  3:34:35 
公园中路(人民路-河南路),,,2012-11-14  3:33:35 
公园中路(人民路-河南路),1,29,2012-11-14  3:32:35 
公园中路(人民路-河南路),1,120,2012-11-14  3:31:35 
公园中路(人民路-河南路),1,44,2012-11-14  3:30:35 
公园中路(人民路-河南路),2,78,2012-11-14  3:29:35 
公园中路(人民路-河南路),,,2012-11-14  3:28:35 
公园中路(人民路-河南路),,,2012-11-14  3:27:35 
公园中路(人民路-河南路),2,89,2012-11-14  3:26:34 
公园中路(人民路-河南路),2,66,2012-11-14  3:25:34 
公园中路(人民路-河南路),1,30,2012-11-14  3:24:34 
公园中路(人民路-河南路),2,82,2012-11-14  3:23:34 
公园中路(人民路-河南路),1,41,2012-11-14  3:22:34 
公园中路(人民路-河南路),,,2012-11-14  3:21:34 
公园中路(人民路-河南路),1,84,2012-11-14  3:20:34 
公园中路(人民路-河南路),1,40,2012-11-14  3:19:34 
公园中路(人民路-河南路),,,2012-11-14  3:18:34 
公园中路(人民路-河南路),,,2012-11-14  3:17:34 
公园中路(人民路-河南路),1,24,2012-11-14  3:16:32 
公园中路(人民路-河南路),,,2012-11-14  3:15:34 
公园中路(人民路-河南路),,,2012-11-14  3:14:33 
公园中路(人民路-河南路),1,56,2012-11-14  3:13:33 
公园中路(人民路-河南路),2,79,2012-11-14  3:12:33 
公园中路(人民路-河南路),,,2012-11-14  3:11:33 
公园中路(人民路-河南路),,,2012-11-14  3:10:33 
公园中路(人民路-河南路),2,55,2012-11-14  3:09:33 
公园中路(人民路-河南路),,,2012-11-14  3:08:33 
公园中路(人民路-河南路),,,2012-11-14  3:07:33 
公园中路(人民路-河南路),,,2012-11-14  3:06:33 
公园中路(人民路-河南路),,,2012-11-14  3:05:33 
公园中路(人民路-河南路),2,65,2012-11-14  3:04:32 
公园中路(人民路-河南路),,,2012-11-14  3:03:32 
公园中路(人民路-河南路),2,50,2012-11-14  3:02:30 
公园中路(人民路-河南路),1,42,2012-11-14  2:58:32 
公园中路(人民路-河南路),1,41,2012-11-14  2:57:32 
公园中路(人民路-河南路),,,2012-11-14  2:56:32 
公园中路(人民路-河南路),,,2012-11-14  2:55:32 
公园中路(人民路-河南路),,,2012-11-14  2:54:32 
公园中路(人民路-河南路),,,2012-11-14  2:53:32 
公园中路(人民路-河南路),2,38,2012-11-14  2:52:31 
公园中路(人民路-河南路),1,53,2012-11-14  2:51:31 
公园中路(人民路-河南路),3,25,2012-11-14  2:50:31 
公园中路(人民路-河南路),1,68,2012-11-14  2:49:31 
公园中路(人民路-河南路),,,2012-11-14  2:48:31 
公园中路(人民路-河南路),1,41,2012-11-14  2:47:31 
公园中路(人民路-河南路),,,2012-11-14  2:46:31 
公园中路(人民路-河南路),,,2012-11-14  2:45:31 
公园中路(人民路-河南路),3,23,2012-11-14  2:44:31 
公园中路(人民路-河南路),1,72,2012-11-14  2:43:31 
公园中路(人民路-河南路),,,2012-11-14  2:42:31 
公园中路(人民路-河南路),,,2012-11-14  2:41:30 
公园中路(人民路-河南路),1,31,2012-11-14  2:40:31 
公园中路(人民路-河南路),2,26,2012-11-14  2:39:30 
公园中路(人民路-河南路),,,2012-11-14  2:38:30 
公园中路(人民路-河南路),1,45,2012-11-14  2:37:30 
公园中路(人民路-河南路),1,43,2012-11-14  2:36:30 
公园中路(人民路-河南路),2,36,2012-11-14  2:35:30 
公园中路(人民路-河南路),1,35,2012-11-14  2:34:30 
公园中路(人民路-河南路),,,2012-11-14  2:33:30 
公园中路(人民路-河南路),2,47,2012-11-14  2:32:30 
公园中路(人民路-河南路),,,2012-11-14  2:31:29 
公园中路(人民路-河南路),2,56,2012-11-14  2:30:29 
公园中路(人民路-河南路),2,89,2012-11-14  2:29:29 
公园中路(人民路-河南路),2,48,2012-11-14  2:28:29 
公园中路(人民路-河南路),3,72,2012-11-14  2:27:29 
公园中路(人民路-河南路),,,2012-11-14  2:26:29 
公园中路(人民路-河南路),3,34,2012-11-14  2:25:27 
公园中路(人民路-河南路),,,2012-11-14  2:24:29 
公园中路(人民路-河南路),1,56,2012-11-14  2:23:29 
公园中路(人民路-河南路),3,55,2012-11-14  2:22:29 
公园中路(人民路-河南路),1,48,2012-11-14  2:21:29 
公园中路(人民路-河南路),,,2012-11-14  2:20:28 
公园中路(人民路-河南路),1,68,2012-11-14  2:19:29 
公园中路(人民路-河南路),,,2012-11-14  2:18:28 
公园中路(人民路-河南路),1,76,2012-11-14  2:17:28 
公园中路(人民路-河南路),,,2012-11-14  2:16:28 
公园中路(人民路-河南路),,,2012-11-14  2:15:28 
公园中路(人民路-河南路),3,48,2012-11-14  2:14:28 
公园中路(人民路-河南路),,,2012-11-14  2:13:28 
公园中路(人民路-河南路),,,2012-11-14  2:12:28 
公园中路(人民路-河南路),3,39,2012-11-14  2:11:28 
公园中路(人民路-河南路),,,2012-11-14  2:10:28 
公园中路(人民路-河南路),,,2012-11-14  2:09:28 
公园中路(人民路-河南路),,,2012-11-14  2:08:27 
公园中路(人民路-河南路),,,2012-11-14  2:07:27 
公园中路(人民路-河南路),,,2012-11-14  2:06:28 
公园中路(人民路-河南路),,,2012-11-14  2:05:27 
公园中路(人民路-河南路),2,43,2012-11-14  2:04:27 
公园中路(人民路-河南路),3,39,2012-11-14  2:03:27 
公园中路(人民路-河南路),,,2012-11-14  2:02:28 
公园中路(人民路-河南路),,,2012-11-14  2:01:27 
公园中路(人民路-河南路),3,68,2012-11-14  2:00:27 
公园中路(人民路-河南路),4,85,2012-11-14  1:59:27 
公园中路(人民路-河南路),1,45,2012-11-14  1:58:27 
公园中路(人民路-河南路),,,2012-11-14  1:57:27 
公园中路(人民路-河南路),1,44,2012-11-14  1:56:27 
公园中路(人民路-河南路),2,103,2012-11-14  1:55:26 
公园中路(人民路-河南路),1,36,2012-11-14  1:54:26 
公园中路(人民路-河南路),2,39,2012-11-14  1:53:26 
公园中路(人民路-河南路),2,92,2012-11-14  1:52:26 
公园中路(人民路-河南路),4,87,2012-11-14  1:51:26 
公园中路(人民路-河南路),,,2012-11-14  1:50:26 
公园中路(人民路-河南路),1,32,2012-11-14  1:49:26 
公园中路(人民路-河南路),4,65,2012-11-14  1:48:26 
公园中路(人民路-河南路),,,2012-11-14  1:47:26 
公园中路(人民路-河南路),1,35,2012-11-14  1:46:26 
公园中路(人民路-河南路),3,25,2012-11-14  1:45:25 
公园中路(人民路-河南路),4,54,2012-11-14  1:44:25 
公园中路(人民路-河南路),1,21,2012-11-14  1:43:25 
公园中路(人民路-河南路),2,32,2012-11-14  1:42:25 
公园中路(人民路-河南路),1,37,2012-11-14  1:41:25 
公园中路(人民路-河南路),1,60,2012-11-14  1:40:25 
公园中路(人民路-河南路),1,52,2012-11-14  1:39:25 
公园中路(人民路-河南路),,,2012-11-14  1:38:25 
公园中路(人民路-河南路),3,36,2012-11-14  1:37:25 
公园中路(人民路-河南路),1,26,2012-11-14  1:36:23 
公园中路(人民路-河南路),2,38,2012-11-14  1:35:25 
公园中路(人民路-河南路),2,40,2012-11-14  1:34:25 
公园中路(人民路-河南路),2,37,2012-11-14  1:33:26 
公园中路(人民路-河南路),1,29,2012-11-14  1:32:24 
公园中路(人民路-河南路),3,32,2012-11-14  1:31:24 
公园中路(人民路-河南路),,,2012-11-14  1:30:24 
公园中路(人民路-河南路),2,28,2012-11-14  1:29:24 
公园中路(人民路-河南路),,,2012-11-14  1:28:24 
公园中路(人民路-河南路),1,33,2012-11-14  1:27:24 
公园中路(人民路-河南路),4,32,2012-11-14  1:26:24 
公园中路(人民路-河南路),1,36,2012-11-14  1:25:24 
公园中路(人民路-河南路),,,2012-11-14  1:24:24 
公园中路(人民路-河南路),2,34,2012-11-14  1:23:24 
公园中路(人民路-河南路),3,42,2012-11-14  1:22:21 
公园中路(人民路-河南路),3,53,2012-11-14  1:21:21 
公园中路(人民路-河南路),,,2012-11-14  1:20:23 
公园中路(人民路-河南路),3,32,2012-11-14  1:19:23 
公园中路(人民路-河南路),4,34,2012-11-14  1:18:23 
公园中路(人民路-河南路),2,101,2012-11-14  1:17:23 
公园中路(人民路-河南路),2,13,2012-11-14  1:16:23 
公园中路(人民路-河南路),1,35,2012-11-14  1:15:23 
公园中路(人民路-河南路),1,60,2012-11-14  1:14:23 
公园中路(人民路-河南路),2,29,2012-11-14  1:13:23 
公园中路(人民路-河南路),1,39,2012-11-14  1:12:23 
公园中路(人民路-河南路),3,54,2012-11-14  1:11:20 
公园中路(人民路-河南路),2,59,2012-11-14  1:09:20 
公园中路(人民路-河南路),1,47,2012-11-14  1:08:22 
公园中路(人民路-河南路),3,33,2012-11-14  1:07:22 
公园中路(人民路-河南路),3,41,2012-11-14  1:06:22 
公园中路(人民路-河南路),2,30,2012-11-14  1:05:22 
公园中路(人民路-河南路),,,2012-11-14  1:04:22 
公园中路(人民路-河南路),3,49,2012-11-14  1:03:22 
公园中路(人民路-河南路),2,32,2012-11-14  1:02:22 
公园中路(人民路-河南路),4,39,2012-11-14  1:01:22 
公园中路(人民路-河南路),,,2012-11-14  1:00:22 
公园中路(人民路-河南路),3,22,2012-11-14  0:59:22 
公园中路(人民路-河南路),3,29,2012-11-14  0:58:22 
公园中路(人民路-河南路),,,2012-11-14  0:57:21 
公园中路(人民路-河南路),1,67,2012-11-14  0:56:21 
公园中路(人民路-河南路),1,24,2012-11-14  0:55:21 
公园中路(人民路-河南路),5,42,2012-11-14  0:54:21 
公园中路(人民路-河南路),3,41,2012-11-14  0:53:21 
公园中路(人民路-河南路),1,29,2012-11-14  0:52:21 
公园中路(人民路-河南路),1,32,2012-11-14  0:51:21 
公园中路(人民路-河南路),1,37,2012-11-14  0:50:21 
公园中路(人民路-河南路),,,2012-11-14  0:49:20 
公园中路(人民路-河南路),2,39,2012-11-14  0:48:20 
公园中路(人民路-河南路),3,47,2012-11-14  0:47:20 
公园中路(人民路-河南路),2,28,2012-11-14  0:46:20 
公园中路(人民路-河南路),5,44,2012-11-14  0:45:20 
公园中路(人民路-河南路),2,31,2012-11-14  0:44:20 
公园中路(人民路-河南路),4,20,2012-11-14  0:43:20 
公园中路(人民路-河南路),3,43,2012-11-14  0:42:20 
公园中路(人民路-河南路),,,2012-11-14  0:41:20 
公园中路(人民路-河南路),2,28,2012-11-14  0:40:20 
公园中路(人民路-河南路),4,43,2012-11-14  0:39:20 
公园中路(人民路-河南路),3,34,2012-11-14  0:38:18 
公园中路(人民路-河南路),2,52,2012-11-14  0:37:20 
公园中路(人民路-河南路),1,24,2012-11-14  0:36:19 
公园中路(人民路-河南路),3,32,2012-11-14  0:35:19 
公园中路(人民路-河南路),3,43,2012-11-14  0:34:19 
公园中路(人民路-河南路),1,34,2012-11-14  0:33:19 
公园中路(人民路-河南路),3,49,2012-11-14  0:32:19 
公园中路(人民路-河南路),3,34,2012-11-14  0:31:19 
公园中路(人民路-河南路),3,53,2012-11-14  0:30:19 
公园中路(人民路-河南路),1,33,2012-11-14  0:29:19 
公园中路(人民路-河南路),1,17,2012-11-14  0:28:19 
公园中路(人民路-河南路),5,34,2012-11-14  0:27:19 
公园中路(人民路-河南路),2,56,2012-11-14  0:26:18 
公园中路(人民路-河南路),,,2012-11-14  0:25:19 
公园中路(人民路-河南路),1,28,2012-11-14  0:24:18 
公园中路(人民路-河南路),3,30,2012-11-14  0:23:18 
公园中路(人民路-河南路),6,34,2012-11-14  0:22:18 
公园中路(人民路-河南路),2,24,2012-11-14  0:21:18 
公园中路(人民路-河南路),2,39,2012-11-14  0:20:18 
公园中路(人民路-河南路),2,46,2012-11-14  0:19:18 
公园中路(人民路-河南路),2,25,2012-11-14  0:18:18 
公园中路(人民路-河南路),3,40,2012-11-14  0:17:18 
公园中路(人民路-河南路),5,34,2012-11-14  0:16:18 
公园中路(人民路-河南路),3,34,2012-11-14  0:15:18 
公园中路(人民路-河南路),2,34,2012-11-14  0:14:17 
公园中路(人民路-河南路),1,61,2012-11-14  0:13:17 
公园中路(人民路-河南路),1,118,2012-11-14  0:12:17 
公园中路(人民路-河南路),2,30,2012-11-14  0:11:15 
公园中路(人民路-河南路),3,35,2012-11-14  0:10:17 
公园中路(人民路-河南路),3,27,2012-11-14  0:09:17 
公园中路(人民路-河南路),7,32,2012-11-14  0:08:17 
公园中路(人民路-河南路),3,43,2012-11-14  0:07:17 
公园中路(人民路-河南路),,,2012-11-14  0:06:17 
公园中路(人民路-河南路),3,16,2012-11-14  0:05:17 
公园中路(人民路-河南路),6,36,2012-11-14  0:04:17 
公园中路(人民路-河南路),5,31,2012-11-14  0:03:16 
公园中路(人民路-河南路),1,30,2012-11-14  0:02:16 
公园中路(人民路-河南路),1,41,2012-11-14  0:01:16 
公园中路(人民路-河南路),5,28,2012-11-14  0:00:16 