last-update-time,road,speed,vol
2012-11-14 00:00:00,gongyuanzhonglu(renminglu-henanlu),28.0,5.0
2012-11-14 00:01:00,gongyuanzhonglu(renminglu-henanlu),41.0,1.0
2012-11-14 00:02:00,gongyuanzhonglu(renminglu-henanlu),30.0,1.0
2012-11-14 00:03:00,gongyuanzhonglu(renminglu-henanlu),31.0,5.0
2012-11-14 00:04:00,gongyuanzhonglu(renminglu-henanlu),36.0,6.0
2012-11-14 00:05:00,gongyuanzhonglu(renminglu-henanlu),16.0,3.0
2012-11-14 00:06:00,gongyuanzhonglu(renminglu-henanlu),35.0,2.0
2012-11-14 00:07:00,gongyuanzhonglu(renminglu-henanlu),43.0,3.0
2012-11-14 00:08:00,gongyuanzhonglu(renminglu-henanlu),32.0,7.0
2012-11-14 00:09:00,gongyuanzhonglu(renminglu-henanlu),27.0,3.0
2012-11-14 00:10:00,gongyuanzhonglu(renminglu-henanlu),35.0,3.0
2012-11-14 00:11:00,gongyuanzhonglu(renminglu-henanlu),30.0,2.0
2012-11-14 00:12:00,gongyuanzhonglu(renminglu-henanlu),118.0,1.0
2012-11-14 00:13:00,gongyuanzhonglu(renminglu-henanlu),61.0,1.0
2012-11-14 00:14:00,gongyuanzhonglu(renminglu-henanlu),34.0,2.0
2012-11-14 00:15:00,gongyuanzhonglu(renminglu-henanlu),34.0,3.0
2012-11-14 00:16:00,gongyuanzhonglu(renminglu-henanlu),34.0,5.0
2012-11-14 00:17:00,gongyuanzhonglu(renminglu-henanlu),40.0,3.0
2012-11-14 00:18:00,gongyuanzhonglu(renminglu-henanlu),25.0,2.0
2012-11-14 00:19:00,gongyuanzhonglu(renminglu-henanlu),46.0,2.0
2012-11-14 00:20:00,gongyuanzhonglu(renminglu-henanlu),39.0,2.0
2012-11-14 00:21:00,gongyuanzhonglu(renminglu-henanlu),24.0,2.0
2012-11-14 00:22:00,gongyuanzhonglu(renminglu-henanlu),34.0,6.0
2012-11-14 00:23:00,gongyuanzhonglu(renminglu-henanlu),30.0,3.0
2012-11-14 00:24:00,gongyuanzhonglu(renminglu-henanlu),28.0,1.0
2012-11-14 00:25:00,gongyuanzhonglu(renminglu-henanlu),26.0,4.0
2012-11-14 00:26:00,gongyuanzhonglu(renminglu-henanlu),56.0,2.0
2012-11-14 00:27:00,gongyuanzhonglu(renminglu-henanlu),34.0,5.0
2012-11-14 00:28:00,gongyuanzhonglu(renminglu-henanlu),17.0,1.0
2012-11-14 00:29:00,gongyuanzhonglu(renminglu-henanlu),33.0,1.0
2012-11-14 00:30:00,gongyuanzhonglu(renminglu-henanlu),53.0,3.0
2012-11-14 00:31:00,gongyuanzhonglu(renminglu-henanlu),34.0,3.0
2012-11-14 00:32:00,gongyuanzhonglu(renminglu-henanlu),49.0,3.0
2012-11-14 00:33:00,gongyuanzhonglu(renminglu-henanlu),34.0,1.0
2012-11-14 00:34:00,gongyuanzhonglu(renminglu-henanlu),43.0,3.0
2012-11-14 00:35:00,gongyuanzhonglu(renminglu-henanlu),32.0,3.0
2012-11-14 00:36:00,gongyuanzhonglu(renminglu-henanlu),24.0,1.0
2012-11-14 00:37:00,gongyuanzhonglu(renminglu-henanlu),52.0,2.0
2012-11-14 00:38:00,gongyuanzhonglu(renminglu-henanlu),34.0,3.0
2012-11-14 00:39:00,gongyuanzhonglu(renminglu-henanlu),43.0,4.0
2012-11-14 00:40:00,gongyuanzhonglu(renminglu-henanlu),28.0,2.0
2012-11-14 00:41:00,gongyuanzhonglu(renminglu-henanlu),40.0,3.0
2012-11-14 00:42:00,gongyuanzhonglu(renminglu-henanlu),43.0,3.0
2012-11-14 00:43:00,gongyuanzhonglu(renminglu-henanlu),20.0,4.0
2012-11-14 00:44:00,gongyuanzhonglu(renminglu-henanlu),31.0,2.0
2012-11-14 00:45:00,gongyuanzhonglu(renminglu-henanlu),44.0,5.0
2012-11-14 00:46:00,gongyuanzhonglu(renminglu-henanlu),28.0,2.0
2012-11-14 00:47:00,gongyuanzhonglu(renminglu-henanlu),47.0,3.0
2012-11-14 00:48:00,gongyuanzhonglu(renminglu-henanlu),39.0,2.0
2012-11-14 00:49:00,gongyuanzhonglu(renminglu-henanlu),43.0,4.0
2012-11-14 00:50:00,gongyuanzhonglu(renminglu-henanlu),37.0,1.0
2012-11-14 00:51:00,gongyuanzhonglu(renminglu-henanlu),32.0,1.0
2012-11-14 00:52:00,gongyuanzhonglu(renminglu-henanlu),29.0,1.0
2012-11-14 00:53:00,gongyuanzhonglu(renminglu-henanlu),41.0,3.0
2012-11-14 00:54:00,gongyuanzhonglu(renminglu-henanlu),42.0,5.0
2012-11-14 00:55:00,gongyuanzhonglu(renminglu-henanlu),24.0,1.0
2012-11-14 00:56:00,gongyuanzhonglu(renminglu-henanlu),67.0,1.0
2012-11-14 00:57:00,gongyuanzhonglu(renminglu-henanlu),69.0,1.0
2012-11-14 00:58:00,gongyuanzhonglu(renminglu-henanlu),29.0,3.0
2012-11-14 00:59:00,gongyuanzhonglu(renminglu-henanlu),22.0,3.0
2012-11-14 01:00:00,gongyuanzhonglu(renminglu-henanlu),39.0,2.0
2012-11-14 01:01:00,gongyuanzhonglu(renminglu-henanlu),39.0,4.0
2012-11-14 01:02:00,gongyuanzhonglu(renminglu-henanlu),32.0,2.0
2012-11-14 01:03:00,gongyuanzhonglu(renminglu-henanlu),49.0,3.0
2012-11-14 01:04:00,gongyuanzhonglu(renminglu-henanlu),67.0,3.0
2012-11-14 01:05:00,gongyuanzhonglu(renminglu-henanlu),30.0,2.0
2012-11-14 01:06:00,gongyuanzhonglu(renminglu-henanlu),41.0,3.0
2012-11-14 01:07:00,gongyuanzhonglu(renminglu-henanlu),33.0,3.0
2012-11-14 01:08:00,gongyuanzhonglu(renminglu-henanlu),47.0,1.0
2012-11-14 01:09:00,gongyuanzhonglu(renminglu-henanlu),59.0,2.0
2012-11-14 01:10:00,gongyuanzhonglu(renminglu-henanlu),32.0,1.0
2012-11-14 01:11:00,gongyuanzhonglu(renminglu-henanlu),54.0,3.0
2012-11-14 01:12:00,gongyuanzhonglu(renminglu-henanlu),39.0,1.0
2012-11-14 01:13:00,gongyuanzhonglu(renminglu-henanlu),29.0,2.0
2012-11-14 01:14:00,gongyuanzhonglu(renminglu-henanlu),60.0,1.0
2012-11-14 01:15:00,gongyuanzhonglu(renminglu-henanlu),35.0,1.0
2012-11-14 01:16:00,gongyuanzhonglu(renminglu-henanlu),13.0,2.0
2012-11-14 01:17:00,gongyuanzhonglu(renminglu-henanlu),101.0,2.0
2012-11-14 01:18:00,gongyuanzhonglu(renminglu-henanlu),34.0,4.0
2012-11-14 01:19:00,gongyuanzhonglu(renminglu-henanlu),32.0,3.0
2012-11-14 01:20:00,gongyuanzhonglu(renminglu-henanlu),44.0,5.0
2012-11-14 01:21:00,gongyuanzhonglu(renminglu-henanlu),53.0,3.0
2012-11-14 01:22:00,gongyuanzhonglu(renminglu-henanlu),42.0,3.0
2012-11-14 01:23:00,gongyuanzhonglu(renminglu-henanlu),34.0,2.0
2012-11-14 01:24:00,gongyuanzhonglu(renminglu-henanlu),61.0,3.0
2012-11-14 01:25:00,gongyuanzhonglu(renminglu-henanlu),36.0,1.0
2012-11-14 01:26:00,gongyuanzhonglu(renminglu-henanlu),32.0,4.0
2012-11-14 01:27:00,gongyuanzhonglu(renminglu-henanlu),33.0,1.0
2012-11-14 01:28:00,gongyuanzhonglu(renminglu-henanlu),41.0,1.0
2012-11-14 01:29:00,gongyuanzhonglu(renminglu-henanlu),28.0,2.0
2012-11-14 01:30:00,gongyuanzhonglu(renminglu-henanlu),69.0,2.0
2012-11-14 01:31:00,gongyuanzhonglu(renminglu-henanlu),32.0,3.0
2012-11-14 01:32:00,gongyuanzhonglu(renminglu-henanlu),29.0,1.0
2012-11-14 01:33:00,gongyuanzhonglu(renminglu-henanlu),37.0,2.0
2012-11-14 01:34:00,gongyuanzhonglu(renminglu-henanlu),40.0,2.0
2012-11-14 01:35:00,gongyuanzhonglu(renminglu-henanlu),38.0,2.0
2012-11-14 01:36:00,gongyuanzhonglu(renminglu-henanlu),26.0,1.0
2012-11-14 01:37:00,gongyuanzhonglu(renminglu-henanlu),36.0,3.0
2012-11-14 01:38:00,gongyuanzhonglu(renminglu-henanlu),39.0,1.0
2012-11-14 01:39:00,gongyuanzhonglu(renminglu-henanlu),52.0,1.0
2012-11-14 01:40:00,gongyuanzhonglu(renminglu-henanlu),60.0,1.0
2012-11-14 01:41:00,gongyuanzhonglu(renminglu-henanlu),37.0,1.0
2012-11-14 01:42:00,gongyuanzhonglu(renminglu-henanlu),32.0,2.0
2012-11-14 01:43:00,gongyuanzhonglu(renminglu-henanlu),21.0,1.0
2012-11-14 01:44:00,gongyuanzhonglu(renminglu-henanlu),54.0,4.0
2012-11-14 01:45:00,gongyuanzhonglu(renminglu-henanlu),25.0,3.0
2012-11-14 01:46:00,gongyuanzhonglu(renminglu-henanlu),35.0,1.0
2012-11-14 01:47:00,gongyuanzhonglu(renminglu-henanlu),44.0,1.0
2012-11-14 01:48:00,gongyuanzhonglu(renminglu-henanlu),65.0,4.0
2012-11-14 01:49:00,gongyuanzhonglu(renminglu-henanlu),32.0,1.0
2012-11-14 01:50:00,gongyuanzhonglu(renminglu-henanlu),32.0,1.0
2012-11-14 01:51:00,gongyuanzhonglu(renminglu-henanlu),87.0,4.0
2012-11-14 01:52:00,gongyuanzhonglu(renminglu-henanlu),92.0,2.0
2012-11-14 01:53:00,gongyuanzhonglu(renminglu-henanlu),39.0,2.0
2012-11-14 01:54:00,gongyuanzhonglu(renminglu-henanlu),36.0,1.0
2012-11-14 01:55:00,gongyuanzhonglu(renminglu-henanlu),103.0,2.0
2012-11-14 01:56:00,gongyuanzhonglu(renminglu-henanlu),44.0,1.0
2012-11-14 01:57:00,gongyuanzhonglu(renminglu-henanlu),52.0,1.0
2012-11-14 01:58:00,gongyuanzhonglu(renminglu-henanlu),45.0,1.0
2012-11-14 01:59:00,gongyuanzhonglu(renminglu-henanlu),85.0,4.0
2012-11-14 02:00:00,gongyuanzhonglu(renminglu-henanlu),68.0,3.0
2012-11-14 02:01:00,gongyuanzhonglu(renminglu-henanlu),22.0,1.0
2012-11-14 02:02:00,gongyuanzhonglu(renminglu-henanlu),17.0,2.0
2012-11-14 02:03:00,gongyuanzhonglu(renminglu-henanlu),39.0,3.0
2012-11-14 02:04:00,gongyuanzhonglu(renminglu-henanlu),43.0,2.0
2012-11-14 02:05:00,gongyuanzhonglu(renminglu-henanlu),36.0,1.0
2012-11-14 02:06:00,gongyuanzhonglu(renminglu-henanlu),55.0,1.0
2012-11-14 02:07:00,gongyuanzhonglu(renminglu-henanlu),66.0,3.0
2012-11-14 02:08:00,gongyuanzhonglu(renminglu-henanlu),32.0,1.0
2012-11-14 02:09:00,gongyuanzhonglu(renminglu-henanlu),34.0,1.0
2012-11-14 02:10:00,gongyuanzhonglu(renminglu-henanlu),52.0,1.0
2012-11-14 02:11:00,gongyuanzhonglu(renminglu-henanlu),39.0,3.0
2012-11-14 02:12:00,gongyuanzhonglu(renminglu-henanlu),54.0,2.0
2012-11-14 02:13:00,gongyuanzhonglu(renminglu-henanlu),64.0,4.0
2012-11-14 02:14:00,gongyuanzhonglu(renminglu-henanlu),48.0,3.0
2012-11-14 02:15:00,gongyuanzhonglu(renminglu-henanlu),62.0,2.0
2012-11-14 02:16:00,gongyuanzhonglu(renminglu-henanlu),38.0,2.0
2012-11-14 02:17:00,gongyuanzhonglu(renminglu-henanlu),76.0,1.0
2012-11-14 02:18:00,gongyuanzhonglu(renminglu-henanlu),83.0,3.0
2012-11-14 02:19:00,gongyuanzhonglu(renminglu-henanlu),68.0,1.0
2012-11-14 02:20:00,gongyuanzhonglu(renminglu-henanlu),49.0,3.0
2012-11-14 02:21:00,gongyuanzhonglu(renminglu-henanlu),48.0,1.0
2012-11-14 02:22:00,gongyuanzhonglu(renminglu-henanlu),55.0,3.0
2012-11-14 02:23:00,gongyuanzhonglu(renminglu-henanlu),56.0,1.0
2012-11-14 02:24:00,gongyuanzhonglu(renminglu-henanlu),68.0,1.0
2012-11-14 02:25:00,gongyuanzhonglu(renminglu-henanlu),34.0,3.0
2012-11-14 02:26:00,gongyuanzhonglu(renminglu-henanlu),34.0,1.0
2012-11-14 02:27:00,gongyuanzhonglu(renminglu-henanlu),72.0,3.0
2012-11-14 02:28:00,gongyuanzhonglu(renminglu-henanlu),48.0,2.0
2012-11-14 02:29:00,gongyuanzhonglu(renminglu-henanlu),89.0,2.0
2012-11-14 02:30:00,gongyuanzhonglu(renminglu-henanlu),56.0,2.0
2012-11-14 02:31:00,gongyuanzhonglu(renminglu-henanlu),48.0,2.0
2012-11-14 02:32:00,gongyuanzhonglu(renminglu-henanlu),47.0,2.0
2012-11-14 02:33:00,gongyuanzhonglu(renminglu-henanlu),35.0,3.0
2012-11-14 02:34:00,gongyuanzhonglu(renminglu-henanlu),35.0,1.0
2012-11-14 02:35:00,gongyuanzhonglu(renminglu-henanlu),36.0,2.0
2012-11-14 02:36:00,gongyuanzhonglu(renminglu-henanlu),43.0,1.0
2012-11-14 02:37:00,gongyuanzhonglu(renminglu-henanlu),45.0,1.0
2012-11-14 02:38:00,gongyuanzhonglu(renminglu-henanlu),44.0,3.0
2012-11-14 02:39:00,gongyuanzhonglu(renminglu-henanlu),26.0,2.0
2012-11-14 02:40:00,gongyuanzhonglu(renminglu-henanlu),31.0,1.0
2012-11-14 02:41:00,gongyuanzhonglu(renminglu-henanlu),33.0,2.0
2012-11-14 02:42:00,gongyuanzhonglu(renminglu-henanlu),62.0,2.0
2012-11-14 02:43:00,gongyuanzhonglu(renminglu-henanlu),72.0,1.0
2012-11-14 02:44:00,gongyuanzhonglu(renminglu-henanlu),23.0,3.0
2012-11-14 02:45:00,gongyuanzhonglu(renminglu-henanlu),54.0,2.0
2012-11-14 02:46:00,gongyuanzhonglu(renminglu-henanlu),33.0,1.0
2012-11-14 02:47:00,gongyuanzhonglu(renminglu-henanlu),41.0,1.0
2012-11-14 02:48:00,gongyuanzhonglu(renminglu-henanlu),17.0,1.0
2012-11-14 02:49:00,gongyuanzhonglu(renminglu-henanlu),68.0,1.0
2012-11-14 02:50:00,gongyuanzhonglu(renminglu-henanlu),25.0,3.0
2012-11-14 02:51:00,gongyuanzhonglu(renminglu-henanlu),53.0,1.0
2012-11-14 02:52:00,gongyuanzhonglu(renminglu-henanlu),38.0,2.0
2012-11-14 02:53:00,gongyuanzhonglu(renminglu-henanlu),29.0,2.0
2012-11-14 02:54:00,gongyuanzhonglu(renminglu-henanlu),53.0,1.0
2012-11-14 02:55:00,gongyuanzhonglu(renminglu-henanlu),8.0,1.0
2012-11-14 02:56:00,gongyuanzhonglu(renminglu-henanlu),70.0,5.0
2012-11-14 02:57:00,gongyuanzhonglu(renminglu-henanlu),41.0,1.0
2012-11-14 02:58:00,gongyuanzhonglu(renminglu-henanlu),42.0,1.0
2012-11-14 02:59:00,gongyuanzhonglu(renminglu-henanlu),112.0,3.0
2012-11-14 03:00:00,gongyuanzhonglu(renminglu-henanlu),19.0,1.0
2012-11-14 03:01:00,gongyuanzhonglu(renminglu-henanlu),74.0,1.0
2012-11-14 03:02:00,gongyuanzhonglu(renminglu-henanlu),50.0,2.0
2012-11-14 03:03:00,gongyuanzhonglu(renminglu-henanlu),50.0,2.0
2012-11-14 03:04:00,gongyuanzhonglu(renminglu-henanlu),65.0,2.0
2012-11-14 03:05:00,gongyuanzhonglu(renminglu-henanlu),86.0,2.0
2012-11-14 03:06:00,gongyuanzhonglu(renminglu-henanlu),76.0,2.0
2012-11-14 03:07:00,gongyuanzhonglu(renminglu-henanlu),28.0,1.0
2012-11-14 03:08:00,gongyuanzhonglu(renminglu-henanlu),28.0,2.0
2012-11-14 03:09:00,gongyuanzhonglu(renminglu-henanlu),55.0,2.0
2012-11-14 03:10:00,gongyuanzhonglu(renminglu-henanlu),34.0,1.0
2012-11-14 03:11:00,gongyuanzhonglu(renminglu-henanlu),32.0,1.0
2012-11-14 03:12:00,gongyuanzhonglu(renminglu-henanlu),79.0,2.0
2012-11-14 03:13:00,gongyuanzhonglu(renminglu-henanlu),56.0,1.0
2012-11-14 03:14:00,gongyuanzhonglu(renminglu-henanlu),29.0,1.0
2012-11-14 03:15:00,gongyuanzhonglu(renminglu-henanlu),50.0,1.0
2012-11-14 03:16:00,gongyuanzhonglu(renminglu-henanlu),24.0,1.0
2012-11-14 03:17:00,gongyuanzhonglu(renminglu-henanlu),44.0,1.0
2012-11-14 03:18:00,gongyuanzhonglu(renminglu-henanlu),64.0,1.0
2012-11-14 03:19:00,gongyuanzhonglu(renminglu-henanlu),40.0,1.0
2012-11-14 03:20:00,gongyuanzhonglu(renminglu-henanlu),84.0,1.0
2012-11-14 03:21:00,gongyuanzhonglu(renminglu-henanlu),17.0,1.0
2012-11-14 03:22:00,gongyuanzhonglu(renminglu-henanlu),41.0,1.0
2012-11-14 03:23:00,gongyuanzhonglu(renminglu-henanlu),82.0,2.0
2012-11-14 03:24:00,gongyuanzhonglu(renminglu-henanlu),30.0,1.0
2012-11-14 03:25:00,gongyuanzhonglu(renminglu-henanlu),66.0,2.0
2012-11-14 03:26:00,gongyuanzhonglu(renminglu-henanlu),89.0,2.0
2012-11-14 03:27:00,gongyuanzhonglu(renminglu-henanlu),30.0,2.0
2012-11-14 03:28:00,gongyuanzhonglu(renminglu-henanlu),40.0,1.0
2012-11-14 03:29:00,gongyuanzhonglu(renminglu-henanlu),78.0,2.0
2012-11-14 03:30:00,gongyuanzhonglu(renminglu-henanlu),44.0,1.0
2012-11-14 03:31:00,gongyuanzhonglu(renminglu-henanlu),120.0,1.0
2012-11-14 03:32:00,gongyuanzhonglu(renminglu-henanlu),29.0,1.0
2012-11-14 03:33:00,gongyuanzhonglu(renminglu-henanlu),52.0,1.0
2012-11-14 03:34:00,gongyuanzhonglu(renminglu-henanlu),24.0,2.0
2012-11-14 03:35:00,gongyuanzhonglu(renminglu-henanlu),34.0,3.0
2012-11-14 03:36:00,gongyuanzhonglu(renminglu-henanlu),39.0,2.0
2012-11-14 03:37:00,gongyuanzhonglu(renminglu-henanlu),27.0,1.0
2012-11-14 03:38:00,gongyuanzhonglu(renminglu-henanlu),81.0,1.0
2012-11-14 03:39:00,gongyuanzhonglu(renminglu-henanlu),115.0,1.0
2012-11-14 03:40:00,gongyuanzhonglu(renminglu-henanlu),48.0,1.0
2012-11-14 03:41:00,gongyuanzhonglu(renminglu-henanlu),32.0,1.0
2012-11-14 03:42:00,gongyuanzhonglu(renminglu-henanlu),36.0,1.0
2012-11-14 03:43:00,gongyuanzhonglu(renminglu-henanlu),25.0,1.0
2012-11-14 03:44:00,gongyuanzhonglu(renminglu-henanlu),33.0,1.0
2012-11-14 03:45:00,gongyuanzhonglu(renminglu-henanlu),37.0,1.0
2012-11-14 03:46:00,gongyuanzhonglu(renminglu-henanlu),32.0,1.0
2012-11-14 03:47:00,gongyuanzhonglu(renminglu-henanlu),32.0,1.0
2012-11-14 03:48:00,gongyuanzhonglu(renminglu-henanlu),55.0,1.0
2012-11-14 03:49:00,gongyuanzhonglu(renminglu-henanlu),64.0,3.0
2012-11-14 03:50:00,gongyuanzhonglu(renminglu-henanlu),41.0,1.0
2012-11-14 03:51:00,gongyuanzhonglu(renminglu-henanlu),36.0,1.0
2012-11-14 03:52:00,gongyuanzhonglu(renminglu-henanlu),56.0,1.0
2012-11-14 03:53:00,gongyuanzhonglu(renminglu-henanlu),62.0,2.0
2012-11-14 03:54:00,gongyuanzhonglu(renminglu-henanlu),46.0,1.0
2012-11-14 03:55:00,gongyuanzhonglu(renminglu-henanlu),51.0,2.0
2012-11-14 03:56:00,gongyuanzhonglu(renminglu-henanlu),45.0,2.0
2012-11-14 03:57:00,gongyuanzhonglu(renminglu-henanlu),44.0,1.0
2012-11-14 03:58:00,gongyuanzhonglu(renminglu-henanlu),49.0,1.0
2012-11-14 03:59:00,gongyuanzhonglu(renminglu-henanlu),80.0,2.0
2012-11-14 04:00:00,gongyuanzhonglu(renminglu-henanlu),37.0,1.0
2012-11-14 04:01:00,gongyuanzhonglu(renminglu-henanlu),19.0,1.0
2012-11-14 04:02:00,gongyuanzhonglu(renminglu-henanlu),79.0,2.0
2012-11-14 04:03:00,gongyuanzhonglu(renminglu-henanlu),44.0,1.0
2012-11-14 04:04:00,gongyuanzhonglu(renminglu-henanlu),33.0,2.0
2012-11-14 04:05:00,gongyuanzhonglu(renminglu-henanlu),47.0,1.0
2012-11-14 04:06:00,gongyuanzhonglu(renminglu-henanlu),40.0,1.0
2012-11-14 04:07:00,gongyuanzhonglu(renminglu-henanlu),17.0,1.0
2012-11-14 04:08:00,gongyuanzhonglu(renminglu-henanlu),51.0,1.0
2012-11-14 04:09:00,gongyuanzhonglu(renminglu-henanlu),76.0,1.0
2012-11-14 04:10:00,gongyuanzhonglu(renminglu-henanlu),32.0,1.0
2012-11-14 04:11:00,gongyuanzhonglu(renminglu-henanlu),81.0,1.0
2012-11-14 04:12:00,gongyuanzhonglu(renminglu-henanlu),26.0,1.0
2012-11-14 04:13:00,gongyuanzhonglu(renminglu-henanlu),32.0,1.0
2012-11-14 04:14:00,gongyuanzhonglu(renminglu-henanlu),53.0,2.0
2012-11-14 04:15:00,gongyuanzhonglu(renminglu-henanlu),55.0,1.0
2012-11-14 04:16:00,gongyuanzhonglu(renminglu-henanlu),55.0,3.0
2012-11-14 04:17:00,gongyuanzhonglu(renminglu-henanlu),30.0,1.0
2012-11-14 04:18:00,gongyuanzhonglu(renminglu-henanlu),53.0,1.0
2012-11-14 04:19:00,gongyuanzhonglu(renminglu-henanlu),55.0,3.0
2012-11-14 04:20:00,gongyuanzhonglu(renminglu-henanlu),15.0,1.0
2012-11-14 04:21:00,gongyuanzhonglu(renminglu-henanlu),15.0,1.0
2012-11-14 04:22:00,gongyuanzhonglu(renminglu-henanlu),18.0,1.0
2012-11-14 04:23:00,gongyuanzhonglu(renminglu-henanlu),67.0,3.0
2012-11-14 04:24:00,gongyuanzhonglu(renminglu-henanlu),21.0,1.0
2012-11-14 04:25:00,gongyuanzhonglu(renminglu-henanlu),54.0,3.0
2012-11-14 04:26:00,gongyuanzhonglu(renminglu-henanlu),67.0,2.0
2012-11-14 04:27:00,gongyuanzhonglu(renminglu-henanlu),92.0,3.0
2012-11-14 04:28:00,gongyuanzhonglu(renminglu-henanlu),44.0,3.0
2012-11-14 04:29:00,gongyuanzhonglu(renminglu-henanlu),52.0,1.0
2012-11-14 04:30:00,gongyuanzhonglu(renminglu-henanlu),20.0,2.0
2012-11-14 04:31:00,gongyuanzhonglu(renminglu-henanlu),33.0,1.0
2012-11-14 04:32:00,gongyuanzhonglu(renminglu-henanlu),32.0,1.0
2012-11-14 04:33:00,gongyuanzhonglu(renminglu-henanlu),77.0,3.0
2012-11-14 04:34:00,gongyuanzhonglu(renminglu-henanlu),36.0,1.0
2012-11-14 04:35:00,gongyuanzhonglu(renminglu-henanlu),38.0,2.0
2012-11-14 04:36:00,gongyuanzhonglu(renminglu-henanlu),76.0,2.0
2012-11-14 04:37:00,gongyuanzhonglu(renminglu-henanlu),34.0,2.0
2012-11-14 04:38:00,gongyuanzhonglu(renminglu-henanlu),23.0,1.0
2012-11-14 04:39:00,gongyuanzhonglu(renminglu-henanlu),51.0,3.0
2012-11-14 04:40:00,gongyuanzhonglu(renminglu-henanlu),76.0,2.0
2012-11-14 04:41:00,gongyuanzhonglu(renminglu-henanlu),82.0,2.0
2012-11-14 04:42:00,gongyuanzhonglu(renminglu-henanlu),30.0,1.0
2012-11-14 04:43:00,gongyuanzhonglu(renminglu-henanlu),77.0,4.0
2012-11-14 04:44:00,gongyuanzhonglu(renminglu-henanlu),54.0,2.0
2012-11-14 04:45:00,gongyuanzhonglu(renminglu-henanlu),58.0,3.0
2012-11-14 04:46:00,gongyuanzhonglu(renminglu-henanlu),36.0,1.0
2012-11-14 04:47:00,gongyuanzhonglu(renminglu-henanlu),21.0,2.0
2012-11-14 04:48:00,gongyuanzhonglu(renminglu-henanlu),56.0,2.0
2012-11-14 04:49:00,gongyuanzhonglu(renminglu-henanlu),31.0,1.0
2012-11-14 04:50:00,gongyuanzhonglu(renminglu-henanlu),40.0,2.0
2012-11-14 04:51:00,gongyuanzhonglu(renminglu-henanlu),15.0,1.0
2012-11-14 04:52:00,gongyuanzhonglu(renminglu-henanlu),38.0,3.0
2012-11-14 04:53:00,gongyuanzhonglu(renminglu-henanlu),52.0,1.0
2012-11-14 04:54:00,gongyuanzhonglu(renminglu-henanlu),93.0,2.0
2012-11-14 04:55:00,gongyuanzhonglu(renminglu-henanlu),68.0,2.0
2012-11-14 04:56:00,gongyuanzhonglu(renminglu-henanlu),49.0,1.0
2012-11-14 04:57:00,gongyuanzhonglu(renminglu-henanlu),32.0,1.0
2012-11-14 04:58:00,gongyuanzhonglu(renminglu-henanlu),57.0,2.0
2012-11-14 04:59:00,gongyuanzhonglu(renminglu-henanlu),28.0,1.0
2012-11-14 05:00:00,gongyuanzhonglu(renminglu-henanlu),40.0,1.0
2012-11-14 05:01:00,gongyuanzhonglu(renminglu-henanlu),50.0,1.0
2012-11-14 05:02:00,gongyuanzhonglu(renminglu-henanlu),44.0,1.0
2012-11-14 05:03:00,gongyuanzhonglu(renminglu-henanlu),32.0,1.0
2012-11-14 05:04:00,gongyuanzhonglu(renminglu-henanlu),23.0,1.0
2012-11-14 05:05:00,gongyuanzhonglu(renminglu-henanlu),13.0,1.0
2012-11-14 05:06:00,gongyuanzhonglu(renminglu-henanlu),46.0,2.0
2012-11-14 05:07:00,gongyuanzhonglu(renminglu-henanlu),23.0,1.0
2012-11-14 05:08:00,gongyuanzhonglu(renminglu-henanlu),17.0,1.0
2012-11-14 05:09:00,gongyuanzhonglu(renminglu-henanlu),34.0,2.0
2012-11-14 05:10:00,gongyuanzhonglu(renminglu-henanlu),32.0,1.0
2012-11-14 05:11:00,gongyuanzhonglu(renminglu-henanlu),32.0,1.0
2012-11-14 05:12:00,gongyuanzhonglu(renminglu-henanlu),82.0,4.0
2012-11-14 05:13:00,gongyuanzhonglu(renminglu-henanlu),90.0,4.0
2012-11-14 05:14:00,gongyuanzhonglu(renminglu-henanlu),65.0,2.0
2012-11-14 05:15:00,gongyuanzhonglu(renminglu-henanlu),57.0,1.0
2012-11-14 05:16:00,gongyuanzhonglu(renminglu-henanlu),36.0,1.0
2012-11-14 05:17:00,gongyuanzhonglu(renminglu-henanlu),29.0,1.0
2012-11-14 05:18:00,gongyuanzhonglu(renminglu-henanlu),49.0,1.0
2012-11-14 05:19:00,gongyuanzhonglu(renminglu-henanlu),19.0,1.0
2012-11-14 05:20:00,gongyuanzhonglu(renminglu-henanlu),5.0,1.0
2012-11-14 05:21:00,gongyuanzhonglu(renminglu-henanlu),72.0,3.0
2012-11-14 05:22:00,gongyuanzhonglu(renminglu-henanlu),39.0,1.0
2012-11-14 05:23:00,gongyuanzhonglu(renminglu-henanlu),45.0,2.0
2012-11-14 05:24:00,gongyuanzhonglu(renminglu-henanlu),83.0,1.0
2012-11-14 05:25:00,gongyuanzhonglu(renminglu-henanlu),49.0,1.0
2012-11-14 05:26:00,gongyuanzhonglu(renminglu-henanlu),86.0,3.0
2012-11-14 05:27:00,gongyuanzhonglu(renminglu-henanlu),45.0,2.0
2012-11-14 05:28:00,gongyuanzhonglu(renminglu-henanlu),22.0,1.0
2012-11-14 05:29:00,gongyuanzhonglu(renminglu-henanlu),48.0,2.0
2012-11-14 05:30:00,gongyuanzhonglu(renminglu-henanlu),32.0,1.0
2012-11-14 05:31:00,gongyuanzhonglu(renminglu-henanlu),44.0,2.0
2012-11-14 05:32:00,gongyuanzhonglu(renminglu-henanlu),60.0,3.0
2012-11-14 05:33:00,gongyuanzhonglu(renminglu-henanlu),59.0,2.0
2012-11-14 05:34:00,gongyuanzhonglu(renminglu-henanlu),45.0,3.0
2012-11-14 05:35:00,gongyuanzhonglu(renminglu-henanlu),53.0,1.0
2012-11-14 05:36:00,gongyuanzhonglu(renminglu-henanlu),62.0,2.0
2012-11-14 05:37:00,gongyuanzhonglu(renminglu-henanlu),42.0,1.0
2012-11-14 05:38:00,gongyuanzhonglu(renminglu-henanlu),59.0,1.0
2012-11-14 05:39:00,gongyuanzhonglu(renminglu-henanlu),89.0,2.0
2012-11-14 05:40:00,gongyuanzhonglu(renminglu-henanlu),71.0,2.0
2012-11-14 05:41:00,gongyuanzhonglu(renminglu-henanlu),34.0,1.0
2012-11-14 05:42:00,gongyuanzhonglu(renminglu-henanlu),22.0,1.0
2012-11-14 05:43:00,gongyuanzhonglu(renminglu-henanlu),44.0,1.0
2012-11-14 05:44:00,gongyuanzhonglu(renminglu-henanlu),117.0,2.0
2012-11-14 05:45:00,gongyuanzhonglu(renminglu-henanlu),26.0,1.0
2012-11-14 05:46:00,gongyuanzhonglu(renminglu-henanlu),72.0,3.0
2012-11-14 05:47:00,gongyuanzhonglu(renminglu-henanlu),25.0,1.0
2012-11-14 05:48:00,gongyuanzhonglu(renminglu-henanlu),67.0,2.0
2012-11-14 05:49:00,gongyuanzhonglu(renminglu-henanlu),47.0,1.0
2012-11-14 05:50:00,gongyuanzhonglu(renminglu-henanlu),63.0,2.0
2012-11-14 05:51:00,gongyuanzhonglu(renminglu-henanlu),77.0,3.0
2012-11-14 05:52:00,gongyuanzhonglu(renminglu-henanlu),62.0,2.0
2012-11-14 05:53:00,gongyuanzhonglu(renminglu-henanlu),42.0,2.0
2012-11-14 05:54:00,gongyuanzhonglu(renminglu-henanlu),52.0,2.0
2012-11-14 05:55:00,gongyuanzhonglu(renminglu-henanlu),23.0,1.0
2012-11-14 05:56:00,gongyuanzhonglu(renminglu-henanlu),79.0,5.0
2012-11-14 05:57:00,gongyuanzhonglu(renminglu-henanlu),51.0,2.0
2012-11-14 05:58:00,gongyuanzhonglu(renminglu-henanlu),24.0,1.0
2012-11-14 05:59:00,gongyuanzhonglu(renminglu-henanlu),101.0,1.0
2012-11-14 06:00:00,gongyuanzhonglu(renminglu-henanlu),23.0,3.0
2012-11-14 06:01:00,gongyuanzhonglu(renminglu-henanlu),29.0,2.0
2012-11-14 06:02:00,gongyuanzhonglu(renminglu-henanlu),39.0,1.0
2012-11-14 06:03:00,gongyuanzhonglu(renminglu-henanlu),85.0,3.0
2012-11-14 06:04:00,gongyuanzhonglu(renminglu-henanlu),48.0,4.0
2012-11-14 06:05:00,gongyuanzhonglu(renminglu-henanlu),32.0,1.0
2012-11-14 06:06:00,gongyuanzhonglu(renminglu-henanlu),48.0,2.0
2012-11-14 06:07:00,gongyuanzhonglu(renminglu-henanlu),38.0,2.0
2012-11-14 06:08:00,gongyuanzhonglu(renminglu-henanlu),21.0,2.0
2012-11-14 06:09:00,gongyuanzhonglu(renminglu-henanlu),53.0,3.0
2012-11-14 06:10:00,gongyuanzhonglu(renminglu-henanlu),36.0,1.0
2012-11-14 06:11:00,gongyuanzhonglu(renminglu-henanlu),57.0,3.0
2012-11-14 06:12:00,gongyuanzhonglu(renminglu-henanlu),83.0,3.0
2012-11-14 06:13:00,gongyuanzhonglu(renminglu-henanlu),63.0,3.0
2012-11-14 06:14:00,gongyuanzhonglu(renminglu-henanlu),57.0,4.0
2012-11-14 06:15:00,gongyuanzhonglu(renminglu-henanlu),82.0,6.0
2012-11-14 06:16:00,gongyuanzhonglu(renminglu-henanlu),89.0,2.0
2012-11-14 06:17:00,gongyuanzhonglu(renminglu-henanlu),99.0,2.0
2012-11-14 06:18:00,gongyuanzhonglu(renminglu-henanlu),47.0,1.0
2012-11-14 06:19:00,gongyuanzhonglu(renminglu-henanlu),60.0,3.0
2012-11-14 06:20:00,gongyuanzhonglu(renminglu-henanlu),40.0,2.0
2012-11-14 06:21:00,gongyuanzhonglu(renminglu-henanlu),116.0,2.0
2012-11-14 06:22:00,gongyuanzhonglu(renminglu-henanlu),67.0,5.0
2012-11-14 06:23:00,gongyuanzhonglu(renminglu-henanlu),67.0,4.0
2012-11-14 06:24:00,gongyuanzhonglu(renminglu-henanlu),60.0,4.0
2012-11-14 06:25:00,gongyuanzhonglu(renminglu-henanlu),57.0,2.0
2012-11-14 06:26:00,gongyuanzhonglu(renminglu-henanlu),40.0,3.0
2012-11-14 06:27:00,gongyuanzhonglu(renminglu-henanlu),34.0,2.0
2012-11-14 06:28:00,gongyuanzhonglu(renminglu-henanlu),58.0,5.0
2012-11-14 06:29:00,gongyuanzhonglu(renminglu-henanlu),72.0,1.0
2012-11-14 06:30:00,gongyuanzhonglu(renminglu-henanlu),25.0,1.0
2012-11-14 06:31:00,gongyuanzhonglu(renminglu-henanlu),69.0,4.0
2012-11-14 06:32:00,gongyuanzhonglu(renminglu-henanlu),69.0,4.0
2012-11-14 06:33:00,gongyuanzhonglu(renminglu-henanlu),44.0,4.0
2012-11-14 06:34:00,gongyuanzhonglu(renminglu-henanlu),66.0,2.0
2012-11-14 06:35:00,gongyuanzhonglu(renminglu-henanlu),68.0,10.0
2012-11-14 06:36:00,gongyuanzhonglu(renminglu-henanlu),60.0,2.0
2012-11-14 06:37:00,gongyuanzhonglu(renminglu-henanlu),34.0,8.0
2012-11-14 06:38:00,gongyuanzhonglu(renminglu-henanlu),18.0,2.0
2012-11-14 06:39:00,gongyuanzhonglu(renminglu-henanlu),63.0,4.0
2012-11-14 06:40:00,gongyuanzhonglu(renminglu-henanlu),41.0,3.0
2012-11-14 06:41:00,gongyuanzhonglu(renminglu-henanlu),87.0,4.0
2012-11-14 06:42:00,gongyuanzhonglu(renminglu-henanlu),33.0,1.0
2012-11-14 06:43:00,gongyuanzhonglu(renminglu-henanlu),62.0,6.0
2012-11-14 06:44:00,gongyuanzhonglu(renminglu-henanlu),34.0,3.0
2012-11-14 06:45:00,gongyuanzhonglu(renminglu-henanlu),49.0,3.0
2012-11-14 06:46:00,gongyuanzhonglu(renminglu-henanlu),102.0,7.0
2012-11-14 06:47:00,gongyuanzhonglu(renminglu-henanlu),56.0,4.0
2012-11-14 06:48:00,gongyuanzhonglu(renminglu-henanlu),73.0,10.0
2012-11-14 06:49:00,gongyuanzhonglu(renminglu-henanlu),81.0,2.0
2012-11-14 06:50:00,gongyuanzhonglu(renminglu-henanlu),58.0,4.0
2012-11-14 06:51:00,gongyuanzhonglu(renminglu-henanlu),58.0,2.0
2012-11-14 06:52:00,gongyuanzhonglu(renminglu-henanlu),47.0,5.0
2012-11-14 06:53:00,gongyuanzhonglu(renminglu-henanlu),42.0,1.0
2012-11-14 06:54:00,gongyuanzhonglu(renminglu-henanlu),26.0,4.0
2012-11-14 06:55:00,gongyuanzhonglu(renminglu-henanlu),60.0,4.0
2012-11-14 06:56:00,gongyuanzhonglu(renminglu-henanlu),56.0,4.0
2012-11-14 06:57:00,gongyuanzhonglu(renminglu-henanlu),73.0,9.0
2012-11-14 06:58:00,gongyuanzhonglu(renminglu-henanlu),47.0,5.0
2012-11-14 06:59:00,gongyuanzhonglu(renminglu-henanlu),77.0,8.0
2012-11-14 07:00:00,gongyuanzhonglu(renminglu-henanlu),48.0,2.0
2012-11-14 07:01:00,gongyuanzhonglu(renminglu-henanlu),68.0,7.0
2012-11-14 07:02:00,gongyuanzhonglu(renminglu-henanlu),57.0,1.0
2012-11-14 07:03:00,gongyuanzhonglu(renminglu-henanlu),63.0,8.0
2012-11-14 07:04:00,gongyuanzhonglu(renminglu-henanlu),40.0,3.0
2012-11-14 07:05:00,gongyuanzhonglu(renminglu-henanlu),62.0,5.0
2012-11-14 07:06:00,gongyuanzhonglu(renminglu-henanlu),60.0,6.0
2012-11-14 07:07:00,gongyuanzhonglu(renminglu-henanlu),92.0,6.0
2012-11-14 07:08:00,gongyuanzhonglu(renminglu-henanlu),46.0,9.0
2012-11-14 07:09:00,gongyuanzhonglu(renminglu-henanlu),63.0,6.0
2012-11-14 07:10:00,gongyuanzhonglu(renminglu-henanlu),69.0,13.0
2012-11-14 07:11:00,gongyuanzhonglu(renminglu-henanlu),73.0,4.0
2012-11-14 07:12:00,gongyuanzhonglu(renminglu-henanlu),89.0,11.0
2012-11-14 07:13:00,gongyuanzhonglu(renminglu-henanlu),72.0,5.0
2012-11-14 07:14:00,gongyuanzhonglu(renminglu-henanlu),91.0,10.0
2012-11-14 07:15:00,gongyuanzhonglu(renminglu-henanlu),47.0,6.0
2012-11-14 07:16:00,gongyuanzhonglu(renminglu-henanlu),90.0,10.0
2012-11-14 07:17:00,gongyuanzhonglu(renminglu-henanlu),60.0,6.0
2012-11-14 07:18:00,gongyuanzhonglu(renminglu-henanlu),54.0,6.0
2012-11-14 07:19:00,gongyuanzhonglu(renminglu-henanlu),60.0,6.0
2012-11-14 07:20:00,gongyuanzhonglu(renminglu-henanlu),20.0,1.0
2012-11-14 07:21:00,gongyuanzhonglu(renminglu-henanlu),62.0,7.0
2012-11-14 07:22:00,gongyuanzhonglu(renminglu-henanlu),31.0,1.0
2012-11-14 07:23:00,gongyuanzhonglu(renminglu-henanlu),58.0,14.0
2012-11-14 07:24:00,gongyuanzhonglu(renminglu-henanlu),38.0,6.0
2012-11-14 07:25:00,gongyuanzhonglu(renminglu-henanlu),65.0,12.0
2012-11-14 07:26:00,gongyuanzhonglu(renminglu-henanlu),51.0,4.0
2012-11-14 07:27:00,gongyuanzhonglu(renminglu-henanlu),59.0,10.0
2012-11-14 07:28:00,gongyuanzhonglu(renminglu-henanlu),72.0,9.0
2012-11-14 07:29:00,gongyuanzhonglu(renminglu-henanlu),90.0,5.0
2012-11-14 07:30:00,gongyuanzhonglu(renminglu-henanlu),53.0,12.0
2012-11-14 07:31:00,gongyuanzhonglu(renminglu-henanlu),69.0,6.0
2012-11-14 07:32:00,gongyuanzhonglu(renminglu-henanlu),61.0,6.0
2012-11-14 07:33:00,gongyuanzhonglu(renminglu-henanlu),38.0,3.0
2012-11-14 07:34:00,gongyuanzhonglu(renminglu-henanlu),65.0,5.0
2012-11-14 07:35:00,gongyuanzhonglu(renminglu-henanlu),63.0,2.0
2012-11-14 07:36:00,gongyuanzhonglu(renminglu-henanlu),71.0,11.0
2012-11-14 07:37:00,gongyuanzhonglu(renminglu-henanlu),42.0,1.0
2012-11-14 07:38:00,gongyuanzhonglu(renminglu-henanlu),72.0,6.0
2012-11-14 07:39:00,gongyuanzhonglu(renminglu-henanlu),55.0,7.0
2012-11-14 07:40:00,gongyuanzhonglu(renminglu-henanlu),52.0,9.0
2012-11-14 07:41:00,gongyuanzhonglu(renminglu-henanlu),47.0,12.0
2012-11-14 07:42:00,gongyuanzhonglu(renminglu-henanlu),70.0,5.0
2012-11-14 07:43:00,gongyuanzhonglu(renminglu-henanlu),59.0,11.0
2012-11-14 07:44:00,gongyuanzhonglu(renminglu-henanlu),84.0,3.0
2012-11-14 07:45:00,gongyuanzhonglu(renminglu-henanlu),65.0,12.0
2012-11-14 07:46:00,gongyuanzhonglu(renminglu-henanlu),51.0,2.0
2012-11-14 07:47:00,gongyuanzhonglu(renminglu-henanlu),64.0,14.0
2012-11-14 07:48:00,gongyuanzhonglu(renminglu-henanlu),46.0,8.0
2012-11-14 07:49:00,gongyuanzhonglu(renminglu-henanlu),57.0,9.0
2012-11-14 07:50:00,gongyuanzhonglu(renminglu-henanlu),56.0,10.0
2012-11-14 07:51:00,gongyuanzhonglu(renminglu-henanlu),58.0,8.0
2012-11-14 07:52:00,gongyuanzhonglu(renminglu-henanlu),52.0,18.0
2012-11-14 07:53:00,gongyuanzhonglu(renminglu-henanlu),43.0,5.0
2012-11-14 07:54:00,gongyuanzhonglu(renminglu-henanlu),47.0,12.0
2012-11-14 07:55:00,gongyuanzhonglu(renminglu-henanlu),64.0,9.0
2012-11-14 07:56:00,gongyuanzhonglu(renminglu-henanlu),31.0,9.0
2012-11-14 07:57:00,gongyuanzhonglu(renminglu-henanlu),23.0,2.0
2012-11-14 07:58:00,gongyuanzhonglu(renminglu-henanlu),86.0,4.0
2012-11-14 07:59:00,gongyuanzhonglu(renminglu-henanlu),54.0,8.0
2012-11-14 08:00:00,gongyuanzhonglu(renminglu-henanlu),48.0,6.0
2012-11-14 08:01:00,gongyuanzhonglu(renminglu-henanlu),59.0,9.0
2012-11-14 08:02:00,gongyuanzhonglu(renminglu-henanlu),50.0,7.0
2012-11-14 08:03:00,gongyuanzhonglu(renminglu-henanlu),59.0,9.0
2012-11-14 08:04:00,gongyuanzhonglu(renminglu-henanlu),52.0,8.0
2012-11-14 08:05:00,gongyuanzhonglu(renminglu-henanlu),62.0,12.0
2012-11-14 08:06:00,gongyuanzhonglu(renminglu-henanlu),43.0,6.0
2012-11-14 08:07:00,gongyuanzhonglu(renminglu-henanlu),54.0,13.0
2012-11-14 08:08:00,gongyuanzhonglu(renminglu-henanlu),39.0,3.0
2012-11-14 08:09:00,gongyuanzhonglu(renminglu-henanlu),53.0,11.0
2012-11-14 08:10:00,gongyuanzhonglu(renminglu-henanlu),45.0,12.0
2012-11-14 08:11:00,gongyuanzhonglu(renminglu-henanlu),49.0,4.0
2012-11-14 08:12:00,gongyuanzhonglu(renminglu-henanlu),45.0,13.0
2012-11-14 08:13:00,gongyuanzhonglu(renminglu-henanlu),46.0,8.0
2012-11-14 08:14:00,gongyuanzhonglu(renminglu-henanlu),65.0,13.0
2012-11-14 08:15:00,gongyuanzhonglu(renminglu-henanlu),52.0,9.0
2012-11-14 08:16:00,gongyuanzhonglu(renminglu-henanlu),63.0,5.0
2012-11-14 08:17:00,gongyuanzhonglu(renminglu-henanlu),39.0,10.0
2012-11-14 08:18:00,gongyuanzhonglu(renminglu-henanlu),47.0,7.0
2012-11-14 08:19:00,gongyuanzhonglu(renminglu-henanlu),47.0,13.0
2012-11-14 08:20:00,gongyuanzhonglu(renminglu-henanlu),45.0,4.0
2012-11-14 08:21:00,gongyuanzhonglu(renminglu-henanlu),51.0,8.0
2012-11-14 08:22:00,gongyuanzhonglu(renminglu-henanlu),55.0,8.0
2012-11-14 08:23:00,gongyuanzhonglu(renminglu-henanlu),46.0,10.0
2012-11-14 08:24:00,gongyuanzhonglu(renminglu-henanlu),58.0,12.0
2012-11-14 08:25:00,gongyuanzhonglu(renminglu-henanlu),50.0,7.0
2012-11-14 08:26:00,gongyuanzhonglu(renminglu-henanlu),27.0,12.0
2012-11-14 08:27:00,gongyuanzhonglu(renminglu-henanlu),49.0,8.0
2012-11-14 08:28:00,gongyuanzhonglu(renminglu-henanlu),43.0,14.0
2012-11-14 08:29:00,gongyuanzhonglu(renminglu-henanlu),44.0,10.0
2012-11-14 08:30:00,gongyuanzhonglu(renminglu-henanlu),53.0,16.0
2012-11-14 08:31:00,gongyuanzhonglu(renminglu-henanlu),40.0,1.0
2012-11-14 08:32:00,gongyuanzhonglu(renminglu-henanlu),52.0,5.0
2012-11-14 08:33:00,gongyuanzhonglu(renminglu-henanlu),46.0,2.0
2012-11-14 08:34:00,gongyuanzhonglu(renminglu-henanlu),70.0,11.0
2012-11-14 08:35:00,gongyuanzhonglu(renminglu-henanlu),41.0,6.0
2012-11-14 08:36:00,gongyuanzhonglu(renminglu-henanlu),63.0,8.0
2012-11-14 08:37:00,gongyuanzhonglu(renminglu-henanlu),63.0,9.0
2012-11-14 08:38:00,gongyuanzhonglu(renminglu-henanlu),74.0,8.0
2012-11-14 08:39:00,gongyuanzhonglu(renminglu-henanlu),64.0,9.0
2012-11-14 08:40:00,gongyuanzhonglu(renminglu-henanlu),51.0,4.0
2012-11-14 08:41:00,gongyuanzhonglu(renminglu-henanlu),51.0,13.0
2012-11-14 08:42:00,gongyuanzhonglu(renminglu-henanlu),53.0,4.0
2012-11-14 08:43:00,gongyuanzhonglu(renminglu-henanlu),66.0,10.0
2012-11-14 08:44:00,gongyuanzhonglu(renminglu-henanlu),23.0,6.0
2012-11-14 08:45:00,gongyuanzhonglu(renminglu-henanlu),65.0,8.0
2012-11-14 08:46:00,gongyuanzhonglu(renminglu-henanlu),50.0,8.0
2012-11-14 08:47:00,gongyuanzhonglu(renminglu-henanlu),74.0,8.0
2012-11-14 08:48:00,gongyuanzhonglu(renminglu-henanlu),60.0,6.0
2012-11-14 08:49:00,gongyuanzhonglu(renminglu-henanlu),58.0,9.0
2012-11-14 08:50:00,gongyuanzhonglu(renminglu-henanlu),46.0,9.0
2012-11-14 08:51:00,gongyuanzhonglu(renminglu-henanlu),59.0,10.0
2012-11-14 08:52:00,gongyuanzhonglu(renminglu-henanlu),48.0,5.0
2012-11-14 08:53:00,gongyuanzhonglu(renminglu-henanlu),79.0,4.0
2012-11-14 08:54:00,gongyuanzhonglu(renminglu-henanlu),54.0,9.0
2012-11-14 08:55:00,gongyuanzhonglu(renminglu-henanlu),47.0,5.0
2012-11-14 08:56:00,gongyuanzhonglu(renminglu-henanlu),55.0,10.0
2012-11-14 08:57:00,gongyuanzhonglu(renminglu-henanlu),49.0,5.0
2012-11-14 08:58:00,gongyuanzhonglu(renminglu-henanlu),56.0,9.0
2012-11-14 08:59:00,gongyuanzhonglu(renminglu-henanlu),19.0,5.0
2012-11-14 09:00:00,gongyuanzhonglu(renminglu-henanlu),60.0,14.0
2012-11-14 09:01:00,gongyuanzhonglu(renminglu-henanlu),57.0,15.0
2012-11-14 09:02:00,gongyuanzhonglu(renminglu-henanlu),48.0,5.0
2012-11-14 09:03:00,gongyuanzhonglu(renminglu-henanlu),67.0,6.0
2012-11-14 09:04:00,gongyuanzhonglu(renminglu-henanlu),63.0,16.0
2012-11-14 09:05:00,gongyuanzhonglu(renminglu-henanlu),56.0,9.0
2012-11-14 09:06:00,gongyuanzhonglu(renminglu-henanlu),47.0,9.0
2012-11-14 09:07:00,gongyuanzhonglu(renminglu-henanlu),71.0,10.0
2012-11-14 09:08:00,gongyuanzhonglu(renminglu-henanlu),38.0,2.0
2012-11-14 09:09:00,gongyuanzhonglu(renminglu-henanlu),72.0,7.0
2012-11-14 09:10:00,gongyuanzhonglu(renminglu-henanlu),70.0,5.0
2012-11-14 09:11:00,gongyuanzhonglu(renminglu-henanlu),59.0,10.0
2012-11-14 09:12:00,gongyuanzhonglu(renminglu-henanlu),52.0,8.0
2012-11-14 09:13:00,gongyuanzhonglu(renminglu-henanlu),77.0,3.0
2012-11-14 09:14:00,gongyuanzhonglu(renminglu-henanlu),59.0,8.0
2012-11-14 09:15:00,gongyuanzhonglu(renminglu-henanlu),66.0,11.0
2012-11-14 09:16:00,gongyuanzhonglu(renminglu-henanlu),31.0,6.0
2012-11-14 09:17:00,gongyuanzhonglu(renminglu-henanlu),34.0,7.0
2012-11-14 09:18:00,gongyuanzhonglu(renminglu-henanlu),59.0,16.0
2012-11-14 09:19:00,gongyuanzhonglu(renminglu-henanlu),52.0,6.0
2012-11-14 09:20:00,gongyuanzhonglu(renminglu-henanlu),43.0,16.0
2012-11-14 09:21:00,gongyuanzhonglu(renminglu-henanlu),47.0,10.0
2012-11-14 09:22:00,gongyuanzhonglu(renminglu-henanlu),53.0,11.0
2012-11-14 09:23:00,gongyuanzhonglu(renminglu-henanlu),40.0,8.0
2012-11-14 09:24:00,gongyuanzhonglu(renminglu-henanlu),53.0,12.0
2012-11-14 09:25:00,gongyuanzhonglu(renminglu-henanlu),55.0,12.0
2012-11-14 09:26:00,gongyuanzhonglu(renminglu-henanlu),56.0,4.0
2012-11-14 09:27:00,gongyuanzhonglu(renminglu-henanlu),67.0,10.0
2012-11-14 09:28:00,gongyuanzhonglu(renminglu-henanlu),48.0,2.0
2012-11-14 09:29:00,gongyuanzhonglu(renminglu-henanlu),80.0,11.0
2012-11-14 09:30:00,gongyuanzhonglu(renminglu-henanlu),62.0,5.0
2012-11-14 09:31:00,gongyuanzhonglu(renminglu-henanlu),72.0,14.0
2012-11-14 09:32:00,gongyuanzhonglu(renminglu-henanlu),55.0,6.0
2012-11-14 09:33:00,gongyuanzhonglu(renminglu-henanlu),45.0,9.0
2012-11-14 09:34:00,gongyuanzhonglu(renminglu-henanlu),42.0,7.0
2012-11-14 09:35:00,gongyuanzhonglu(renminglu-henanlu),53.0,6.0
2012-11-14 09:36:00,gongyuanzhonglu(renminglu-henanlu),62.0,7.0
2012-11-14 09:37:00,gongyuanzhonglu(renminglu-henanlu),59.0,3.0
2012-11-14 09:38:00,gongyuanzhonglu(renminglu-henanlu),58.0,13.0
2012-11-14 09:39:00,gongyuanzhonglu(renminglu-henanlu),34.0,4.0
2012-11-14 09:40:00,gongyuanzhonglu(renminglu-henanlu),56.0,4.0
2012-11-14 09:41:00,gongyuanzhonglu(renminglu-henanlu),65.0,16.0
2012-11-14 09:42:00,gongyuanzhonglu(renminglu-henanlu),63.0,15.0
2012-11-14 09:43:00,gongyuanzhonglu(renminglu-henanlu),54.0,4.0
2012-11-14 09:44:00,gongyuanzhonglu(renminglu-henanlu),70.0,7.0
2012-11-14 09:45:00,gongyuanzhonglu(renminglu-henanlu),63.0,6.0
2012-11-14 09:46:00,gongyuanzhonglu(renminglu-henanlu),60.0,11.0
2012-11-14 09:47:00,gongyuanzhonglu(renminglu-henanlu),28.0,15.0
2012-11-14 09:48:00,gongyuanzhonglu(renminglu-henanlu),25.0,4.0
2012-11-14 09:49:00,gongyuanzhonglu(renminglu-henanlu),31.0,9.0
2012-11-14 09:50:00,gongyuanzhonglu(renminglu-henanlu),26.0,2.0
2012-11-14 09:51:00,gongyuanzhonglu(renminglu-henanlu),18.0,6.0
2012-11-14 09:52:00,gongyuanzhonglu(renminglu-henanlu),23.0,5.0
2012-11-14 09:53:00,gongyuanzhonglu(renminglu-henanlu),35.0,6.0
2012-11-14 09:54:00,gongyuanzhonglu(renminglu-henanlu),19.0,6.0
2012-11-14 09:55:00,gongyuanzhonglu(renminglu-henanlu),28.0,10.0
2012-11-14 09:56:00,gongyuanzhonglu(renminglu-henanlu),39.0,6.0
2012-11-14 09:57:00,gongyuanzhonglu(renminglu-henanlu),46.0,6.0
2012-11-14 09:58:00,gongyuanzhonglu(renminglu-henanlu),51.0,12.0
2012-11-14 09:59:00,gongyuanzhonglu(renminglu-henanlu),47.0,4.0
2012-11-14 10:00:00,gongyuanzhonglu(renminglu-henanlu),65.0,7.0
2012-11-14 10:01:00,gongyuanzhonglu(renminglu-henanlu),30.0,5.0
2012-11-14 10:02:00,gongyuanzhonglu(renminglu-henanlu),61.0,11.0
2012-11-14 10:03:00,gongyuanzhonglu(renminglu-henanlu),35.0,6.0
2012-11-14 10:04:00,gongyuanzhonglu(renminglu-henanlu),60.0,8.0
2012-11-14 10:05:00,gongyuanzhonglu(renminglu-henanlu),56.0,2.0
2012-11-14 10:06:00,gongyuanzhonglu(renminglu-henanlu),48.0,12.0
2012-11-14 10:07:00,gongyuanzhonglu(renminglu-henanlu),65.0,8.0
2012-11-14 10:08:00,gongyuanzhonglu(renminglu-henanlu),61.0,5.0
2012-11-14 10:09:00,gongyuanzhonglu(renminglu-henanlu),61.0,9.0
2012-11-14 10:10:00,gongyuanzhonglu(renminglu-henanlu),65.0,10.0
2012-11-14 10:11:00,gongyuanzhonglu(renminglu-henanlu),34.0,7.0
2012-11-14 10:12:00,gongyuanzhonglu(renminglu-henanlu),56.0,5.0
2012-11-14 10:13:00,gongyuanzhonglu(renminglu-henanlu),51.0,14.0
2012-11-14 10:14:00,gongyuanzhonglu(renminglu-henanlu),61.0,8.0
2012-11-14 10:15:00,gongyuanzhonglu(renminglu-henanlu),47.0,10.0
2012-11-14 10:16:00,gongyuanzhonglu(renminglu-henanlu),75.0,6.0
2012-11-14 10:17:00,gongyuanzhonglu(renminglu-henanlu),83.0,4.0
2012-11-14 10:18:00,gongyuanzhonglu(renminglu-henanlu),62.0,11.0
2012-11-14 10:19:00,gongyuanzhonglu(renminglu-henanlu),59.0,11.0
2012-11-14 10:20:00,gongyuanzhonglu(renminglu-henanlu),57.0,7.0
2012-11-14 10:21:00,gongyuanzhonglu(renminglu-henanlu),58.0,6.0
2012-11-14 10:22:00,gongyuanzhonglu(renminglu-henanlu),40.0,9.0
2012-11-14 10:23:00,gongyuanzhonglu(renminglu-henanlu),52.0,10.0
2012-11-14 10:24:00,gongyuanzhonglu(renminglu-henanlu),56.0,12.0
2012-11-14 10:25:00,gongyuanzhonglu(renminglu-henanlu),50.0,8.0
2012-11-14 10:26:00,gongyuanzhonglu(renminglu-henanlu),51.0,11.0
2012-11-14 10:27:00,gongyuanzhonglu(renminglu-henanlu),28.0,4.0
2012-11-14 10:28:00,gongyuanzhonglu(renminglu-henanlu),59.0,13.0
2012-11-14 10:29:00,gongyuanzhonglu(renminglu-henanlu),46.0,7.0
2012-11-14 10:30:00,gongyuanzhonglu(renminglu-henanlu),48.0,11.0
2012-11-14 10:31:00,gongyuanzhonglu(renminglu-henanlu),31.0,1.0
2012-11-14 10:32:00,gongyuanzhonglu(renminglu-henanlu),57.0,11.0
2012-11-14 10:33:00,gongyuanzhonglu(renminglu-henanlu),35.0,4.0
2012-11-14 10:34:00,gongyuanzhonglu(renminglu-henanlu),59.0,10.0
2012-11-14 10:35:00,gongyuanzhonglu(renminglu-henanlu),59.0,10.0
2012-11-14 10:36:00,gongyuanzhonglu(renminglu-henanlu),35.0,6.0
2012-11-14 10:37:00,gongyuanzhonglu(renminglu-henanlu),54.0,14.0
2012-11-14 10:38:00,gongyuanzhonglu(renminglu-henanlu),63.0,10.0
2012-11-14 10:39:00,gongyuanzhonglu(renminglu-henanlu),51.0,15.0
2012-11-14 10:40:00,gongyuanzhonglu(renminglu-henanlu),46.0,3.0
2012-11-14 10:41:00,gongyuanzhonglu(renminglu-henanlu),49.0,9.0
2012-11-14 10:42:00,gongyuanzhonglu(renminglu-henanlu),44.0,8.0
2012-11-14 10:43:00,gongyuanzhonglu(renminglu-henanlu),64.0,7.0
2012-11-14 10:44:00,gongyuanzhonglu(renminglu-henanlu),43.0,8.0
2012-11-14 10:45:00,gongyuanzhonglu(renminglu-henanlu),66.0,5.0
2012-11-14 10:46:00,gongyuanzhonglu(renminglu-henanlu),35.0,5.0
2012-11-14 10:47:00,gongyuanzhonglu(renminglu-henanlu),56.0,5.0
2012-11-14 10:48:00,gongyuanzhonglu(renminglu-henanlu),46.0,11.0
2012-11-14 10:49:00,gongyuanzhonglu(renminglu-henanlu),77.0,2.0
2012-11-14 10:50:00,gongyuanzhonglu(renminglu-henanlu),57.0,11.0
2012-11-14 10:51:00,gongyuanzhonglu(renminglu-henanlu),50.0,11.0
2012-11-14 10:52:00,gongyuanzhonglu(renminglu-henanlu),32.0,10.0
2012-11-14 10:53:00,gongyuanzhonglu(renminglu-henanlu),50.0,5.0
2012-11-14 10:54:00,gongyuanzhonglu(renminglu-henanlu),60.0,9.0
2012-11-14 10:55:00,gongyuanzhonglu(renminglu-henanlu),80.0,15.0
2012-11-14 10:56:00,gongyuanzhonglu(renminglu-henanlu),73.0,6.0
2012-11-14 10:57:00,gongyuanzhonglu(renminglu-henanlu),52.0,10.0
2012-11-14 10:58:00,gongyuanzhonglu(renminglu-henanlu),65.0,6.0
2012-11-14 10:59:00,gongyuanzhonglu(renminglu-henanlu),38.0,9.0
2012-11-14 11:00:00,gongyuanzhonglu(renminglu-henanlu),58.0,9.0
2012-11-14 11:01:00,gongyuanzhonglu(renminglu-henanlu),57.0,11.0
2012-11-14 11:02:00,gongyuanzhonglu(renminglu-henanlu),60.0,7.0
2012-11-14 11:03:00,gongyuanzhonglu(renminglu-henanlu),61.0,8.0
2012-11-14 11:04:00,gongyuanzhonglu(renminglu-henanlu),59.0,10.0
2012-11-14 11:05:00,gongyuanzhonglu(renminglu-henanlu),68.0,9.0
2012-11-14 11:06:00,gongyuanzhonglu(renminglu-henanlu),66.0,9.0
2012-11-14 11:07:00,gongyuanzhonglu(renminglu-henanlu),60.0,12.0
2012-11-14 11:08:00,gongyuanzhonglu(renminglu-henanlu),26.0,9.0
2012-11-14 11:09:00,gongyuanzhonglu(renminglu-henanlu),77.0,6.0
2012-11-14 11:10:00,gongyuanzhonglu(renminglu-henanlu),79.0,9.0
2012-11-14 11:11:00,gongyuanzhonglu(renminglu-henanlu),67.0,4.0
2012-11-14 11:12:00,gongyuanzhonglu(renminglu-henanlu),80.0,9.0
2012-11-14 11:13:00,gongyuanzhonglu(renminglu-henanlu),59.0,3.0
2012-11-14 11:14:00,gongyuanzhonglu(renminglu-henanlu),43.0,12.0
2012-11-14 11:15:00,gongyuanzhonglu(renminglu-henanlu),43.0,6.0
2012-11-14 11:16:00,gongyuanzhonglu(renminglu-henanlu),49.0,12.0
2012-11-14 11:17:00,gongyuanzhonglu(renminglu-henanlu),43.0,10.0
2012-11-14 11:18:00,gongyuanzhonglu(renminglu-henanlu),64.0,8.0
2012-11-14 11:19:00,gongyuanzhonglu(renminglu-henanlu),53.0,15.0
2012-11-14 11:20:00,gongyuanzhonglu(renminglu-henanlu),41.0,4.0
2012-11-14 11:21:00,gongyuanzhonglu(renminglu-henanlu),58.0,16.0
2012-11-14 11:22:00,gongyuanzhonglu(renminglu-henanlu),65.0,8.0
2012-11-14 11:23:00,gongyuanzhonglu(renminglu-henanlu),43.0,15.0
2012-11-14 11:24:00,gongyuanzhonglu(renminglu-henanlu),48.0,11.0
2012-11-14 11:25:00,gongyuanzhonglu(renminglu-henanlu),65.0,10.0
2012-11-14 11:26:00,gongyuanzhonglu(renminglu-henanlu),56.0,7.0
2012-11-14 11:27:00,gongyuanzhonglu(renminglu-henanlu),56.0,9.0
2012-11-14 11:28:00,gongyuanzhonglu(renminglu-henanlu),21.0,17.0
2012-11-14 11:29:00,gongyuanzhonglu(renminglu-henanlu),35.0,7.0
2012-11-14 11:30:00,gongyuanzhonglu(renminglu-henanlu),29.0,13.0
2012-11-14 11:31:00,gongyuanzhonglu(renminglu-henanlu),27.0,4.0
2012-11-14 11:32:00,gongyuanzhonglu(renminglu-henanlu),21.0,11.0
2012-11-14 11:33:00,gongyuanzhonglu(renminglu-henanlu),49.0,14.0
2012-11-14 11:34:00,gongyuanzhonglu(renminglu-henanlu),51.0,12.0
2012-11-14 11:35:00,gongyuanzhonglu(renminglu-henanlu),63.0,5.0
2012-11-14 11:36:00,gongyuanzhonglu(renminglu-henanlu),55.0,18.0
2012-11-14 11:37:00,gongyuanzhonglu(renminglu-henanlu),38.0,4.0
2012-11-14 11:38:00,gongyuanzhonglu(renminglu-henanlu),61.0,14.0
2012-11-14 11:39:00,gongyuanzhonglu(renminglu-henanlu),60.0,16.0
2012-11-14 11:40:00,gongyuanzhonglu(renminglu-henanlu),49.0,8.0
2012-11-14 11:41:00,gongyuanzhonglu(renminglu-henanlu),23.0,9.0
2012-11-14 11:42:00,gongyuanzhonglu(renminglu-henanlu),65.0,9.0
2012-11-14 11:43:00,gongyuanzhonglu(renminglu-henanlu),30.0,9.0
2012-11-14 11:44:00,gongyuanzhonglu(renminglu-henanlu),28.0,10.0
2012-11-14 11:45:00,gongyuanzhonglu(renminglu-henanlu),50.0,16.0
2012-11-14 11:46:00,gongyuanzhonglu(renminglu-henanlu),48.0,8.0
2012-11-14 11:47:00,gongyuanzhonglu(renminglu-henanlu),65.0,12.0
2012-11-14 11:48:00,gongyuanzhonglu(renminglu-henanlu),51.0,16.0
2012-11-14 11:49:00,gongyuanzhonglu(renminglu-henanlu),36.0,11.0
2012-11-14 11:50:00,gongyuanzhonglu(renminglu-henanlu),35.0,4.0
2012-11-14 11:51:00,gongyuanzhonglu(renminglu-henanlu),55.0,11.0
2012-11-14 11:52:00,gongyuanzhonglu(renminglu-henanlu),55.0,9.0
2012-11-14 11:53:00,gongyuanzhonglu(renminglu-henanlu),54.0,4.0
2012-11-14 11:54:00,gongyuanzhonglu(renminglu-henanlu),60.0,7.0
2012-11-14 11:55:00,gongyuanzhonglu(renminglu-henanlu),39.0,5.0
2012-11-14 11:56:00,gongyuanzhonglu(renminglu-henanlu),47.0,15.0
2012-11-14 11:57:00,gongyuanzhonglu(renminglu-henanlu),33.0,11.0
2012-11-14 11:58:00,gongyuanzhonglu(renminglu-henanlu),54.0,14.0
2012-11-14 11:59:00,gongyuanzhonglu(renminglu-henanlu),22.0,10.0
2012-11-14 12:00:00,gongyuanzhonglu(renminglu-henanlu),42.0,13.0
2012-11-14 12:01:00,gongyuanzhonglu(renminglu-henanlu),46.0,13.0
2012-11-14 12:02:00,gongyuanzhonglu(renminglu-henanlu),54.0,6.0
2012-11-14 12:03:00,gongyuanzhonglu(renminglu-henanlu),44.0,11.0
2012-11-14 12:04:00,gongyuanzhonglu(renminglu-henanlu),45.0,10.0
2012-11-14 12:05:00,gongyuanzhonglu(renminglu-henanlu),23.0,3.0
2012-11-14 12:06:00,gongyuanzhonglu(renminglu-henanlu),48.0,9.0
2012-11-14 12:07:00,gongyuanzhonglu(renminglu-henanlu),29.0,9.0
2012-11-14 12:08:00,gongyuanzhonglu(renminglu-henanlu),76.0,6.0
2012-11-14 12:09:00,gongyuanzhonglu(renminglu-henanlu),54.0,13.0
2012-11-14 12:10:00,gongyuanzhonglu(renminglu-henanlu),43.0,6.0
2012-11-14 12:11:00,gongyuanzhonglu(renminglu-henanlu),53.0,9.0
2012-11-14 12:12:00,gongyuanzhonglu(renminglu-henanlu),27.0,5.0
2012-11-14 12:13:00,gongyuanzhonglu(renminglu-henanlu),68.0,9.0
2012-11-14 12:14:00,gongyuanzhonglu(renminglu-henanlu),64.0,6.0
2012-11-14 12:15:00,gongyuanzhonglu(renminglu-henanlu),81.0,5.0
2012-11-14 12:16:00,gongyuanzhonglu(renminglu-henanlu),46.0,10.0
2012-11-14 12:17:00,gongyuanzhonglu(renminglu-henanlu),57.0,10.0
2012-11-14 12:18:00,gongyuanzhonglu(renminglu-henanlu),46.0,13.0
2012-11-14 12:19:00,gongyuanzhonglu(renminglu-henanlu),61.0,5.0
2012-11-14 12:20:00,gongyuanzhonglu(renminglu-henanlu),49.0,23.0
2012-11-14 12:21:00,gongyuanzhonglu(renminglu-henanlu),99.0,7.0
2012-11-14 12:22:00,gongyuanzhonglu(renminglu-henanlu),60.0,10.0
2012-11-14 12:23:00,gongyuanzhonglu(renminglu-henanlu),46.0,11.0
2012-11-14 12:24:00,gongyuanzhonglu(renminglu-henanlu),66.0,2.0
2012-11-14 12:25:00,gongyuanzhonglu(renminglu-henanlu),18.0,2.0
2012-11-14 12:26:00,gongyuanzhonglu(renminglu-henanlu),42.0,8.0
2012-11-14 12:27:00,gongyuanzhonglu(renminglu-henanlu),61.0,9.0
2012-11-14 12:28:00,gongyuanzhonglu(renminglu-henanlu),46.0,4.0
2012-11-14 12:29:00,gongyuanzhonglu(renminglu-henanlu),50.0,9.0
2012-11-14 12:30:00,gongyuanzhonglu(renminglu-henanlu),69.0,6.0
2012-11-14 12:31:00,gongyuanzhonglu(renminglu-henanlu),66.0,8.0
2012-11-14 12:32:00,gongyuanzhonglu(renminglu-henanlu),50.0,4.0
2012-11-14 12:33:00,gongyuanzhonglu(renminglu-henanlu),47.0,12.0
2012-11-14 12:34:00,gongyuanzhonglu(renminglu-henanlu),55.0,8.0
2012-11-14 12:35:00,gongyuanzhonglu(renminglu-henanlu),70.0,13.0
2012-11-14 12:36:00,gongyuanzhonglu(renminglu-henanlu),49.0,8.0
2012-11-14 12:37:00,gongyuanzhonglu(renminglu-henanlu),71.0,7.0
2012-11-14 12:38:00,gongyuanzhonglu(renminglu-henanlu),45.0,10.0
2012-11-14 12:39:00,gongyuanzhonglu(renminglu-henanlu),59.0,7.0
2012-11-14 12:40:00,gongyuanzhonglu(renminglu-henanlu),63.0,13.0
2012-11-14 12:41:00,gongyuanzhonglu(renminglu-henanlu),81.0,7.0
2012-11-14 12:42:00,gongyuanzhonglu(renminglu-henanlu),50.0,13.0
2012-11-14 12:43:00,gongyuanzhonglu(renminglu-henanlu),52.0,9.0
2012-11-14 12:44:00,gongyuanzhonglu(renminglu-henanlu),58.0,6.0
2012-11-14 12:45:00,gongyuanzhonglu(renminglu-henanlu),48.0,6.0
2012-11-14 12:46:00,gongyuanzhonglu(renminglu-henanlu),60.0,11.0
2012-11-14 12:47:00,gongyuanzhonglu(renminglu-henanlu),45.0,5.0
2012-11-14 12:48:00,gongyuanzhonglu(renminglu-henanlu),73.0,16.0
2012-11-14 12:49:00,gongyuanzhonglu(renminglu-henanlu),57.0,10.0
2012-11-14 12:50:00,gongyuanzhonglu(renminglu-henanlu),60.0,7.0
2012-11-14 12:51:00,gongyuanzhonglu(renminglu-henanlu),44.0,12.0
2012-11-14 12:52:00,gongyuanzhonglu(renminglu-henanlu),20.0,3.0
2012-11-14 12:53:00,gongyuanzhonglu(renminglu-henanlu),61.0,18.0
2012-11-14 12:54:00,gongyuanzhonglu(renminglu-henanlu),56.0,10.0
2012-11-14 12:55:00,gongyuanzhonglu(renminglu-henanlu),66.0,12.0
2012-11-14 12:56:00,gongyuanzhonglu(renminglu-henanlu),33.0,3.0
2012-11-14 12:57:00,gongyuanzhonglu(renminglu-henanlu),61.0,7.0
2012-11-14 12:58:00,gongyuanzhonglu(renminglu-henanlu),44.0,10.0
2012-11-14 12:59:00,gongyuanzhonglu(renminglu-henanlu),61.0,15.0
2012-11-14 13:00:00,gongyuanzhonglu(renminglu-henanlu),49.0,6.0
2012-11-14 13:01:00,gongyuanzhonglu(renminglu-henanlu),54.0,9.0
2012-11-14 13:02:00,gongyuanzhonglu(renminglu-henanlu),50.0,13.0
2012-11-14 13:03:00,gongyuanzhonglu(renminglu-henanlu),60.0,11.0
2012-11-14 13:04:00,gongyuanzhonglu(renminglu-henanlu),54.0,16.0
2012-11-14 13:05:00,gongyuanzhonglu(renminglu-henanlu),67.0,5.0
2012-11-14 13:06:00,gongyuanzhonglu(renminglu-henanlu),45.0,12.0
2012-11-14 13:07:00,gongyuanzhonglu(renminglu-henanlu),46.0,8.0
2012-11-14 13:08:00,gongyuanzhonglu(renminglu-henanlu),56.0,16.0
2012-11-14 13:09:00,gongyuanzhonglu(renminglu-henanlu),56.0,8.0
2012-11-14 13:10:00,gongyuanzhonglu(renminglu-henanlu),59.0,9.0
2012-11-14 13:11:00,gongyuanzhonglu(renminglu-henanlu),47.0,4.0
2012-11-14 13:12:00,gongyuanzhonglu(renminglu-henanlu),53.0,11.0
2012-11-14 13:13:00,gongyuanzhonglu(renminglu-henanlu),57.0,11.0
2012-11-14 13:14:00,gongyuanzhonglu(renminglu-henanlu),58.0,11.0
2012-11-14 13:15:00,gongyuanzhonglu(renminglu-henanlu),46.0,9.0
2012-11-14 13:16:00,gongyuanzhonglu(renminglu-henanlu),63.0,10.0
2012-11-14 13:17:00,gongyuanzhonglu(renminglu-henanlu),61.0,12.0
2012-11-14 13:18:00,gongyuanzhonglu(renminglu-henanlu),66.0,7.0
2012-11-14 13:19:00,gongyuanzhonglu(renminglu-henanlu),58.0,14.0
2012-11-14 13:20:00,gongyuanzhonglu(renminglu-henanlu),48.0,6.0
2012-11-14 13:21:00,gongyuanzhonglu(renminglu-henanlu),40.0,9.0
2012-11-14 13:22:00,gongyuanzhonglu(renminglu-henanlu),23.0,7.0
2012-11-14 13:23:00,gongyuanzhonglu(renminglu-henanlu),36.0,6.0
2012-11-14 13:24:00,gongyuanzhonglu(renminglu-henanlu),35.0,11.0
2012-11-14 13:25:00,gongyuanzhonglu(renminglu-henanlu),44.0,9.0
2012-11-14 13:26:00,gongyuanzhonglu(renminglu-henanlu),54.0,5.0
2012-11-14 13:27:00,gongyuanzhonglu(renminglu-henanlu),31.0,6.0
2012-11-14 13:28:00,gongyuanzhonglu(renminglu-henanlu),30.0,9.0
2012-11-14 13:29:00,gongyuanzhonglu(renminglu-henanlu),51.0,9.0
2012-11-14 13:30:00,gongyuanzhonglu(renminglu-henanlu),31.0,4.0
2012-11-14 13:31:00,gongyuanzhonglu(renminglu-henanlu),41.0,4.0
2012-11-14 13:32:00,gongyuanzhonglu(renminglu-henanlu),30.0,11.0
2012-11-14 13:33:00,gongyuanzhonglu(renminglu-henanlu),22.0,8.0
2012-11-14 13:34:00,gongyuanzhonglu(renminglu-henanlu),22.0,9.0
2012-11-14 13:35:00,gongyuanzhonglu(renminglu-henanlu),22.0,5.0
2012-11-14 13:36:00,gongyuanzhonglu(renminglu-henanlu),28.0,10.0
2012-11-14 13:37:00,gongyuanzhonglu(renminglu-henanlu),25.0,11.0
2012-11-14 13:38:00,gongyuanzhonglu(renminglu-henanlu),24.0,7.0
2012-11-14 13:39:00,gongyuanzhonglu(renminglu-henanlu),25.0,7.0
2012-11-14 13:40:00,gongyuanzhonglu(renminglu-henanlu),31.0,9.0
2012-11-14 13:41:00,gongyuanzhonglu(renminglu-henanlu),35.0,14.0
2012-11-14 13:42:00,gongyuanzhonglu(renminglu-henanlu),28.0,6.0
2012-11-14 13:43:00,gongyuanzhonglu(renminglu-henanlu),26.0,5.0
2012-11-14 13:44:00,gongyuanzhonglu(renminglu-henanlu),20.0,4.0
2012-11-14 13:45:00,gongyuanzhonglu(renminglu-henanlu),23.0,9.0
2012-11-14 13:46:00,gongyuanzhonglu(renminglu-henanlu),27.0,7.0
2012-11-14 13:47:00,gongyuanzhonglu(renminglu-henanlu),31.0,4.0
2012-11-14 13:48:00,gongyuanzhonglu(renminglu-henanlu),23.0,9.0
2012-11-14 13:49:00,gongyuanzhonglu(renminglu-henanlu),20.0,9.0
2012-11-14 13:50:00,gongyuanzhonglu(renminglu-henanlu),28.0,8.0
2012-11-14 13:51:00,gongyuanzhonglu(renminglu-henanlu),31.0,6.0
2012-11-14 13:52:00,gongyuanzhonglu(renminglu-henanlu),24.0,7.0
2012-11-14 13:53:00,gongyuanzhonglu(renminglu-henanlu),20.0,2.0
2012-11-14 13:54:00,gongyuanzhonglu(renminglu-henanlu),38.0,10.0
2012-11-14 13:55:00,gongyuanzhonglu(renminglu-henanlu),18.0,2.0
2012-11-14 13:56:00,gongyuanzhonglu(renminglu-henanlu),62.0,6.0
2012-11-14 13:57:00,gongyuanzhonglu(renminglu-henanlu),58.0,7.0
2012-11-14 13:58:00,gongyuanzhonglu(renminglu-henanlu),51.0,14.0
2012-11-14 13:59:00,gongyuanzhonglu(renminglu-henanlu),49.0,8.0
2012-11-14 14:00:00,gongyuanzhonglu(renminglu-henanlu),108.0,3.0
2012-11-14 14:01:00,gongyuanzhonglu(renminglu-henanlu),58.0,15.0
2012-11-14 14:02:00,gongyuanzhonglu(renminglu-henanlu),52.0,7.0
2012-11-14 14:03:00,gongyuanzhonglu(renminglu-henanlu),55.0,15.0
2012-11-14 14:04:00,gongyuanzhonglu(renminglu-henanlu),40.0,7.0
2012-11-14 14:05:00,gongyuanzhonglu(renminglu-henanlu),55.0,9.0
2012-11-14 14:06:00,gongyuanzhonglu(renminglu-henanlu),45.0,7.0
2012-11-14 14:07:00,gongyuanzhonglu(renminglu-henanlu),56.0,12.0
2012-11-14 14:08:00,gongyuanzhonglu(renminglu-henanlu),44.0,3.0
2012-11-14 14:09:00,gongyuanzhonglu(renminglu-henanlu),48.0,6.0
2012-11-14 14:10:00,gongyuanzhonglu(renminglu-henanlu),52.0,11.0
2012-11-14 14:11:00,gongyuanzhonglu(renminglu-henanlu),37.0,4.0
2012-11-14 14:12:00,gongyuanzhonglu(renminglu-henanlu),65.0,10.0
2012-11-14 14:13:00,gongyuanzhonglu(renminglu-henanlu),70.0,10.0
2012-11-14 14:14:00,gongyuanzhonglu(renminglu-henanlu),56.0,7.0
2012-11-14 14:15:00,gongyuanzhonglu(renminglu-henanlu),56.0,6.0
2012-11-14 14:16:00,gongyuanzhonglu(renminglu-henanlu),63.0,10.0
2012-11-14 14:17:00,gongyuanzhonglu(renminglu-henanlu),61.0,10.0
2012-11-14 14:18:00,gongyuanzhonglu(renminglu-henanlu),57.0,9.0
2012-11-14 14:19:00,gongyuanzhonglu(renminglu-henanlu),67.0,6.0
2012-11-14 14:20:00,gongyuanzhonglu(renminglu-henanlu),76.0,10.0
2012-11-14 14:21:00,gongyuanzhonglu(renminglu-henanlu),60.0,7.0
2012-11-14 14:22:00,gongyuanzhonglu(renminglu-henanlu),70.0,8.0
2012-11-14 14:23:00,gongyuanzhonglu(renminglu-henanlu),56.0,6.0
2012-11-14 14:24:00,gongyuanzhonglu(renminglu-henanlu),38.0,4.0
2012-11-14 14:25:00,gongyuanzhonglu(renminglu-henanlu),47.0,12.0
2012-11-14 14:26:00,gongyuanzhonglu(renminglu-henanlu),22.0,6.0
2012-11-14 14:27:00,gongyuanzhonglu(renminglu-henanlu),22.0,13.0
2012-11-14 14:28:00,gongyuanzhonglu(renminglu-henanlu),37.0,2.0
2012-11-14 14:29:00,gongyuanzhonglu(renminglu-henanlu),31.0,11.0
2012-11-14 14:30:00,gongyuanzhonglu(renminglu-henanlu),43.0,2.0
2012-11-14 14:31:00,gongyuanzhonglu(renminglu-henanlu),21.0,9.0
2012-11-14 14:32:00,gongyuanzhonglu(renminglu-henanlu),20.0,5.0
2012-11-14 14:33:00,gongyuanzhonglu(renminglu-henanlu),23.0,12.0
2012-11-14 14:34:00,gongyuanzhonglu(renminglu-henanlu),19.0,11.0
2012-11-14 14:35:00,gongyuanzhonglu(renminglu-henanlu),29.0,9.0
2012-11-14 14:36:00,gongyuanzhonglu(renminglu-henanlu),29.0,4.0
2012-11-14 14:37:00,gongyuanzhonglu(renminglu-henanlu),26.0,10.0
2012-11-14 14:38:00,gongyuanzhonglu(renminglu-henanlu),27.0,6.0
2012-11-14 14:39:00,gongyuanzhonglu(renminglu-henanlu),46.0,3.0
2012-11-14 14:40:00,gongyuanzhonglu(renminglu-henanlu),24.0,12.0
2012-11-14 14:41:00,gongyuanzhonglu(renminglu-henanlu),25.0,7.0
2012-11-14 14:42:00,gongyuanzhonglu(renminglu-henanlu),25.0,10.0
2012-11-14 14:43:00,gongyuanzhonglu(renminglu-henanlu),17.0,6.0
2012-11-14 14:44:00,gongyuanzhonglu(renminglu-henanlu),33.0,7.0
2012-11-14 14:45:00,gongyuanzhonglu(renminglu-henanlu),36.0,7.0
2012-11-14 14:46:00,gongyuanzhonglu(renminglu-henanlu),34.0,8.0
2012-11-14 14:47:00,gongyuanzhonglu(renminglu-henanlu),29.0,7.0
2012-11-14 14:48:00,gongyuanzhonglu(renminglu-henanlu),30.0,6.0
2012-11-14 14:49:00,gongyuanzhonglu(renminglu-henanlu),22.0,7.0
2012-11-14 14:50:00,gongyuanzhonglu(renminglu-henanlu),27.0,9.0
2012-11-14 14:51:00,gongyuanzhonglu(renminglu-henanlu),25.0,13.0
2012-11-14 14:52:00,gongyuanzhonglu(renminglu-henanlu),31.0,6.0
2012-11-14 14:53:00,gongyuanzhonglu(renminglu-henanlu),30.0,11.0
2012-11-14 14:54:00,gongyuanzhonglu(renminglu-henanlu),29.0,8.0
2012-11-14 14:55:00,gongyuanzhonglu(renminglu-henanlu),19.0,11.0
2012-11-14 14:56:00,gongyuanzhonglu(renminglu-henanlu),23.0,7.0
2012-11-14 14:57:00,gongyuanzhonglu(renminglu-henanlu),33.0,9.0
2012-11-14 14:58:00,gongyuanzhonglu(renminglu-henanlu),23.0,8.0
2012-11-14 14:59:00,gongyuanzhonglu(renminglu-henanlu),36.0,7.0
2012-11-14 15:00:00,gongyuanzhonglu(renminglu-henanlu),24.0,7.0
2012-11-14 15:01:00,gongyuanzhonglu(renminglu-henanlu),19.0,4.0
2012-11-14 15:02:00,gongyuanzhonglu(renminglu-henanlu),30.0,8.0
2012-11-14 15:03:00,gongyuanzhonglu(renminglu-henanlu),22.0,8.0
2012-11-14 15:04:00,gongyuanzhonglu(renminglu-henanlu),26.0,9.0
2012-11-14 15:05:00,gongyuanzhonglu(renminglu-henanlu),24.0,7.0
2012-11-14 15:06:00,gongyuanzhonglu(renminglu-henanlu),28.0,7.0
2012-11-14 15:07:00,gongyuanzhonglu(renminglu-henanlu),52.0,10.0
2012-11-14 15:08:00,gongyuanzhonglu(renminglu-henanlu),59.0,13.0
2012-11-14 15:09:00,gongyuanzhonglu(renminglu-henanlu),60.0,10.0
2012-11-14 15:10:00,gongyuanzhonglu(renminglu-henanlu),56.0,4.0
2012-11-14 15:11:00,gongyuanzhonglu(renminglu-henanlu),25.0,12.0
2012-11-14 15:12:00,gongyuanzhonglu(renminglu-henanlu),25.0,11.0
2012-11-14 15:13:00,gongyuanzhonglu(renminglu-henanlu),66.0,10.0
2012-11-14 15:14:00,gongyuanzhonglu(renminglu-henanlu),32.0,5.0
2012-11-14 15:15:00,gongyuanzhonglu(renminglu-henanlu),28.0,9.0
2012-11-14 15:16:00,gongyuanzhonglu(renminglu-henanlu),40.0,5.0
2012-11-14 15:17:00,gongyuanzhonglu(renminglu-henanlu),47.0,15.0
2012-11-14 15:18:00,gongyuanzhonglu(renminglu-henanlu),64.0,10.0
2012-11-14 15:19:00,gongyuanzhonglu(renminglu-henanlu),49.0,12.0
2012-11-14 15:20:00,gongyuanzhonglu(renminglu-henanlu),37.0,4.0
2012-11-14 15:21:00,gongyuanzhonglu(renminglu-henanlu),54.0,7.0
2012-11-14 15:22:00,gongyuanzhonglu(renminglu-henanlu),42.0,9.0
2012-11-14 15:23:00,gongyuanzhonglu(renminglu-henanlu),61.0,8.0
2012-11-14 15:24:00,gongyuanzhonglu(renminglu-henanlu),54.0,11.0
2012-11-14 15:25:00,gongyuanzhonglu(renminglu-henanlu),46.0,3.0
2012-11-14 15:26:00,gongyuanzhonglu(renminglu-henanlu),47.0,14.0
2012-11-14 15:27:00,gongyuanzhonglu(renminglu-henanlu),47.0,7.0
2012-11-14 15:28:00,gongyuanzhonglu(renminglu-henanlu),68.0,10.0
2012-11-14 15:29:00,gongyuanzhonglu(renminglu-henanlu),34.0,6.0
2012-11-14 15:30:00,gongyuanzhonglu(renminglu-henanlu),78.0,5.0
2012-11-14 15:31:00,gongyuanzhonglu(renminglu-henanlu),50.0,12.0
2012-11-14 15:32:00,gongyuanzhonglu(renminglu-henanlu),57.0,9.0
2012-11-14 15:33:00,gongyuanzhonglu(renminglu-henanlu),47.0,11.0
2012-11-14 15:34:00,gongyuanzhonglu(renminglu-henanlu),66.0,3.0
2012-11-14 15:35:00,gongyuanzhonglu(renminglu-henanlu),49.0,10.0
2012-11-14 15:36:00,gongyuanzhonglu(renminglu-henanlu),72.0,4.0
2012-11-14 15:37:00,gongyuanzhonglu(renminglu-henanlu),36.0,10.0
2012-11-14 15:38:00,gongyuanzhonglu(renminglu-henanlu),66.0,5.0
2012-11-14 15:39:00,gongyuanzhonglu(renminglu-henanlu),68.0,12.0
2012-11-14 15:40:00,gongyuanzhonglu(renminglu-henanlu),60.0,6.0
2012-11-14 15:41:00,gongyuanzhonglu(renminglu-henanlu),52.0,9.0
2012-11-14 15:42:00,gongyuanzhonglu(renminglu-henanlu),58.0,13.0
2012-11-14 15:43:00,gongyuanzhonglu(renminglu-henanlu),67.0,9.0
2012-11-14 15:44:00,gongyuanzhonglu(renminglu-henanlu),47.0,14.0
2012-11-14 15:45:00,gongyuanzhonglu(renminglu-henanlu),60.0,7.0
2012-11-14 15:46:00,gongyuanzhonglu(renminglu-henanlu),29.0,9.0
2012-11-14 15:47:00,gongyuanzhonglu(renminglu-henanlu),73.0,9.0
2012-11-14 15:48:00,gongyuanzhonglu(renminglu-henanlu),49.0,11.0
2012-11-14 15:49:00,gongyuanzhonglu(renminglu-henanlu),22.0,8.0
2012-11-14 15:50:00,gongyuanzhonglu(renminglu-henanlu),27.0,9.0
2012-11-14 15:51:00,gongyuanzhonglu(renminglu-henanlu),26.0,5.0
2012-11-14 15:52:00,gongyuanzhonglu(renminglu-henanlu),34.0,7.0
2012-11-14 15:53:00,gongyuanzhonglu(renminglu-henanlu),37.0,14.0
2012-11-14 15:54:00,gongyuanzhonglu(renminglu-henanlu),69.0,6.0
2012-11-14 15:55:00,gongyuanzhonglu(renminglu-henanlu),41.0,12.0
2012-11-14 15:56:00,gongyuanzhonglu(renminglu-henanlu),58.0,11.0
2012-11-14 15:57:00,gongyuanzhonglu(renminglu-henanlu),47.0,12.0
2012-11-14 15:58:00,gongyuanzhonglu(renminglu-henanlu),71.0,9.0
2012-11-14 15:59:00,gongyuanzhonglu(renminglu-henanlu),39.0,5.0
2012-11-14 16:00:00,gongyuanzhonglu(renminglu-henanlu),44.0,9.0
2012-11-14 16:01:00,gongyuanzhonglu(renminglu-henanlu),71.0,15.0
2012-11-14 16:02:00,gongyuanzhonglu(renminglu-henanlu),46.0,11.0
2012-11-14 16:03:00,gongyuanzhonglu(renminglu-henanlu),62.0,14.0
2012-11-14 16:04:00,gongyuanzhonglu(renminglu-henanlu),74.0,9.0
2012-11-14 16:05:00,gongyuanzhonglu(renminglu-henanlu),68.0,10.0
2012-11-14 16:06:00,gongyuanzhonglu(renminglu-henanlu),64.0,9.0
2012-11-14 16:07:00,gongyuanzhonglu(renminglu-henanlu),56.0,11.0
2012-11-14 16:08:00,gongyuanzhonglu(renminglu-henanlu),65.0,14.0
2012-11-14 16:09:00,gongyuanzhonglu(renminglu-henanlu),24.0,5.0
2012-11-14 16:10:00,gongyuanzhonglu(renminglu-henanlu),24.0,13.0
2012-11-14 16:11:00,gongyuanzhonglu(renminglu-henanlu),54.0,5.0
2012-11-14 16:12:00,gongyuanzhonglu(renminglu-henanlu),64.0,10.0
2012-11-14 16:13:00,gongyuanzhonglu(renminglu-henanlu),52.0,15.0
2012-11-14 16:14:00,gongyuanzhonglu(renminglu-henanlu),69.0,12.0
2012-11-14 16:15:00,gongyuanzhonglu(renminglu-henanlu),47.0,10.0
2012-11-14 16:16:00,gongyuanzhonglu(renminglu-henanlu),52.0,20.0
2012-11-14 16:17:00,gongyuanzhonglu(renminglu-henanlu),47.0,12.0
2012-11-14 16:18:00,gongyuanzhonglu(renminglu-henanlu),64.0,10.0
2012-11-14 16:19:00,gongyuanzhonglu(renminglu-henanlu),46.0,10.0
2012-11-14 16:20:00,gongyuanzhonglu(renminglu-henanlu),52.0,8.0
2012-11-14 16:21:00,gongyuanzhonglu(renminglu-henanlu),81.0,17.0
2012-11-14 16:22:00,gongyuanzhonglu(renminglu-henanlu),64.0,3.0
2012-11-14 16:23:00,gongyuanzhonglu(renminglu-henanlu),55.0,6.0
2012-11-14 16:24:00,gongyuanzhonglu(renminglu-henanlu),55.0,8.0
2012-11-14 16:25:00,gongyuanzhonglu(renminglu-henanlu),56.0,11.0
2012-11-14 16:26:00,gongyuanzhonglu(renminglu-henanlu),61.0,10.0
2012-11-14 16:27:00,gongyuanzhonglu(renminglu-henanlu),48.0,9.0
2012-11-14 16:28:00,gongyuanzhonglu(renminglu-henanlu),47.0,16.0
2012-11-14 16:29:00,gongyuanzhonglu(renminglu-henanlu),65.0,15.0
2012-11-14 16:30:00,gongyuanzhonglu(renminglu-henanlu),26.0,12.0
2012-11-14 16:31:00,gongyuanzhonglu(renminglu-henanlu),62.0,9.0
2012-11-14 16:32:00,gongyuanzhonglu(renminglu-henanlu),42.0,10.0
2012-11-14 16:33:00,gongyuanzhonglu(renminglu-henanlu),64.0,9.0
2012-11-14 16:34:00,gongyuanzhonglu(renminglu-henanlu),49.0,10.0
2012-11-14 16:35:00,gongyuanzhonglu(renminglu-henanlu),44.0,8.0
2012-11-14 16:36:00,gongyuanzhonglu(renminglu-henanlu),67.0,22.0
2012-11-14 16:37:00,gongyuanzhonglu(renminglu-henanlu),59.0,13.0
2012-11-14 16:38:00,gongyuanzhonglu(renminglu-henanlu),50.0,19.0
2012-11-14 16:39:00,gongyuanzhonglu(renminglu-henanlu),57.0,5.0
2012-11-14 16:40:00,gongyuanzhonglu(renminglu-henanlu),68.0,15.0
2012-11-14 16:41:00,gongyuanzhonglu(renminglu-henanlu),45.0,9.0
2012-11-14 16:42:00,gongyuanzhonglu(renminglu-henanlu),31.0,8.0
2012-11-14 16:43:00,gongyuanzhonglu(renminglu-henanlu),43.0,12.0
2012-11-14 16:44:00,gongyuanzhonglu(renminglu-henanlu),56.0,11.0
2012-11-14 16:45:00,gongyuanzhonglu(renminglu-henanlu),55.0,11.0
2012-11-14 16:46:00,gongyuanzhonglu(renminglu-henanlu),48.0,9.0
2012-11-14 16:47:00,gongyuanzhonglu(renminglu-henanlu),60.0,10.0
2012-11-14 16:48:00,gongyuanzhonglu(renminglu-henanlu),29.0,7.0
2012-11-14 16:49:00,gongyuanzhonglu(renminglu-henanlu),53.0,14.0
2012-11-14 16:50:00,gongyuanzhonglu(renminglu-henanlu),49.0,13.0
2012-11-14 16:51:00,gongyuanzhonglu(renminglu-henanlu),62.0,8.0
2012-11-14 16:52:00,gongyuanzhonglu(renminglu-henanlu),66.0,11.0
2012-11-14 16:53:00,gongyuanzhonglu(renminglu-henanlu),49.0,8.0
2012-11-14 16:54:00,gongyuanzhonglu(renminglu-henanlu),49.0,14.0
2012-11-14 16:55:00,gongyuanzhonglu(renminglu-henanlu),37.0,9.0
2012-11-14 16:56:00,gongyuanzhonglu(renminglu-henanlu),52.0,15.0
2012-11-14 16:57:00,gongyuanzhonglu(renminglu-henanlu),53.0,12.0
2012-11-14 16:58:00,gongyuanzhonglu(renminglu-henanlu),48.0,15.0
2012-11-14 16:59:00,gongyuanzhonglu(renminglu-henanlu),53.0,10.0
2012-11-14 17:00:00,gongyuanzhonglu(renminglu-henanlu),46.0,13.0
2012-11-14 17:01:00,gongyuanzhonglu(renminglu-henanlu),39.0,11.0
2012-11-14 17:02:00,gongyuanzhonglu(renminglu-henanlu),41.0,12.0
2012-11-14 17:03:00,gongyuanzhonglu(renminglu-henanlu),41.0,14.0
2012-11-14 17:04:00,gongyuanzhonglu(renminglu-henanlu),42.0,10.0
2012-11-14 17:05:00,gongyuanzhonglu(renminglu-henanlu),42.0,12.0
2012-11-14 17:06:00,gongyuanzhonglu(renminglu-henanlu),39.0,11.0
2012-11-14 17:07:00,gongyuanzhonglu(renminglu-henanlu),31.0,11.0
2012-11-14 17:08:00,gongyuanzhonglu(renminglu-henanlu),19.0,15.0
2012-11-14 17:09:00,gongyuanzhonglu(renminglu-henanlu),17.0,10.0
2012-11-14 17:10:00,gongyuanzhonglu(renminglu-henanlu),11.0,10.0
2012-11-14 17:11:00,gongyuanzhonglu(renminglu-henanlu),18.0,7.0
2012-11-14 17:12:00,gongyuanzhonglu(renminglu-henanlu),11.0,6.0
2012-11-14 17:13:00,gongyuanzhonglu(renminglu-henanlu),40.0,15.0
2012-11-14 17:14:00,gongyuanzhonglu(renminglu-henanlu),9.0,6.0
2012-11-14 17:15:00,gongyuanzhonglu(renminglu-henanlu),33.0,7.0
2012-11-14 17:16:00,gongyuanzhonglu(renminglu-henanlu),37.0,12.0
2012-11-14 17:17:00,gongyuanzhonglu(renminglu-henanlu),62.0,10.0
2012-11-14 17:18:00,gongyuanzhonglu(renminglu-henanlu),43.0,10.0
2012-11-14 17:19:00,gongyuanzhonglu(renminglu-henanlu),11.0,8.0
2012-11-14 17:20:00,gongyuanzhonglu(renminglu-henanlu),37.0,16.0
2012-11-14 17:21:00,gongyuanzhonglu(renminglu-henanlu),27.0,11.0
2012-11-14 17:22:00,gongyuanzhonglu(renminglu-henanlu),26.0,9.0
2012-11-14 17:23:00,gongyuanzhonglu(renminglu-henanlu),29.0,12.0
2012-11-14 17:24:00,gongyuanzhonglu(renminglu-henanlu),21.0,6.0
2012-11-14 17:25:00,gongyuanzhonglu(renminglu-henanlu),41.0,7.0
2012-11-14 17:26:00,gongyuanzhonglu(renminglu-henanlu),34.0,16.0
2012-11-14 17:27:00,gongyuanzhonglu(renminglu-henanlu),19.0,12.0
2012-11-14 17:28:00,gongyuanzhonglu(renminglu-henanlu),15.0,7.0
2012-11-14 17:29:00,gongyuanzhonglu(renminglu-henanlu),32.0,14.0
2012-11-14 17:30:00,gongyuanzhonglu(renminglu-henanlu),25.0,5.0
2012-11-14 17:31:00,gongyuanzhonglu(renminglu-henanlu),23.0,4.0
2012-11-14 17:32:00,gongyuanzhonglu(renminglu-henanlu),2.0,1.0
2012-11-14 17:33:00,gongyuanzhonglu(renminglu-henanlu),51.0,18.0
2012-11-14 17:34:00,gongyuanzhonglu(renminglu-henanlu),12.0,1.0
2012-11-14 17:35:00,gongyuanzhonglu(renminglu-henanlu),52.0,12.0
2012-11-14 17:36:00,gongyuanzhonglu(renminglu-henanlu),13.0,4.0
2012-11-14 17:37:00,gongyuanzhonglu(renminglu-henanlu),16.0,8.0
2012-11-14 17:38:00,gongyuanzhonglu(renminglu-henanlu),33.0,11.0
2012-11-14 17:39:00,gongyuanzhonglu(renminglu-henanlu),43.0,6.0
2012-11-14 17:40:00,gongyuanzhonglu(renminglu-henanlu),42.0,7.0
2012-11-14 17:41:00,gongyuanzhonglu(renminglu-henanlu),20.0,11.0
2012-11-14 17:42:00,gongyuanzhonglu(renminglu-henanlu),18.0,11.0
2012-11-14 17:43:00,gongyuanzhonglu(renminglu-henanlu),8.0,6.0
2012-11-14 17:44:00,gongyuanzhonglu(renminglu-henanlu),34.0,17.0
2012-11-14 17:45:00,gongyuanzhonglu(renminglu-henanlu),50.0,8.0
2012-11-14 17:46:00,gongyuanzhonglu(renminglu-henanlu),26.0,9.0
2012-11-14 17:47:00,gongyuanzhonglu(renminglu-henanlu),33.0,15.0
2012-11-14 17:48:00,gongyuanzhonglu(renminglu-henanlu),35.0,13.0
2012-11-14 17:49:00,gongyuanzhonglu(renminglu-henanlu),44.0,13.0
2012-11-14 17:50:00,gongyuanzhonglu(renminglu-henanlu),43.0,15.0
2012-11-14 17:51:00,gongyuanzhonglu(renminglu-henanlu),47.0,19.0
2012-11-14 17:52:00,gongyuanzhonglu(renminglu-henanlu),37.0,5.0
2012-11-14 17:53:00,gongyuanzhonglu(renminglu-henanlu),44.0,12.0
2012-11-14 17:54:00,gongyuanzhonglu(renminglu-henanlu),44.0,16.0
2012-11-14 17:55:00,gongyuanzhonglu(renminglu-henanlu),48.0,10.0
2012-11-14 17:56:00,gongyuanzhonglu(renminglu-henanlu),47.0,10.0
2012-11-14 17:57:00,gongyuanzhonglu(renminglu-henanlu),40.0,13.0
2012-11-14 17:58:00,gongyuanzhonglu(renminglu-henanlu),51.0,8.0
2012-11-14 17:59:00,gongyuanzhonglu(renminglu-henanlu),32.0,7.0
2012-11-14 18:00:00,gongyuanzhonglu(renminglu-henanlu),49.0,11.0
2012-11-14 18:01:00,gongyuanzhonglu(renminglu-henanlu),51.0,7.0
2012-11-14 18:02:00,gongyuanzhonglu(renminglu-henanlu),54.0,10.0
2012-11-14 18:03:00,gongyuanzhonglu(renminglu-henanlu),32.0,4.0
2012-11-14 18:04:00,gongyuanzhonglu(renminglu-henanlu),28.0,7.0
2012-11-14 18:05:00,gongyuanzhonglu(renminglu-henanlu),63.0,9.0
2012-11-14 18:06:00,gongyuanzhonglu(renminglu-henanlu),37.0,8.0
2012-11-14 18:07:00,gongyuanzhonglu(renminglu-henanlu),38.0,6.0
2012-11-14 18:08:00,gongyuanzhonglu(renminglu-henanlu),29.0,7.0
2012-11-14 18:09:00,gongyuanzhonglu(renminglu-henanlu),33.0,4.0
2012-11-14 18:10:00,gongyuanzhonglu(renminglu-henanlu),51.0,13.0
2012-11-14 18:11:00,gongyuanzhonglu(renminglu-henanlu),34.0,3.0
2012-11-14 18:12:00,gongyuanzhonglu(renminglu-henanlu),29.0,12.0
2012-11-14 18:13:00,gongyuanzhonglu(renminglu-henanlu),23.0,7.0
2012-11-14 18:14:00,gongyuanzhonglu(renminglu-henanlu),77.0,9.0
2012-11-14 18:15:00,gongyuanzhonglu(renminglu-henanlu),42.0,14.0
2012-11-14 18:16:00,gongyuanzhonglu(renminglu-henanlu),40.0,3.0
2012-11-14 18:17:00,gongyuanzhonglu(renminglu-henanlu),29.0,8.0
2012-11-14 18:18:00,gongyuanzhonglu(renminglu-henanlu),27.0,7.0
2012-11-14 18:19:00,gongyuanzhonglu(renminglu-henanlu),27.0,6.0
2012-11-14 18:20:00,gongyuanzhonglu(renminglu-henanlu),27.0,2.0
2012-11-14 18:21:00,gongyuanzhonglu(renminglu-henanlu),31.0,6.0
2012-11-14 18:22:00,gongyuanzhonglu(renminglu-henanlu),20.0,7.0
2012-11-14 18:23:00,gongyuanzhonglu(renminglu-henanlu),33.0,12.0
2012-11-14 18:24:00,gongyuanzhonglu(renminglu-henanlu),24.0,9.0
2012-11-14 18:25:00,gongyuanzhonglu(renminglu-henanlu),25.0,3.0
2012-11-14 18:26:00,gongyuanzhonglu(renminglu-henanlu),25.0,4.0
2012-11-14 18:27:00,gongyuanzhonglu(renminglu-henanlu),27.0,7.0
2012-11-14 18:28:00,gongyuanzhonglu(renminglu-henanlu),27.0,7.0
2012-11-14 18:29:00,gongyuanzhonglu(renminglu-henanlu),27.0,5.0
2012-11-14 18:30:00,gongyuanzhonglu(renminglu-henanlu),24.0,10.0
2012-11-14 18:31:00,gongyuanzhonglu(renminglu-henanlu),21.0,10.0
2012-11-14 18:32:00,gongyuanzhonglu(renminglu-henanlu),16.0,11.0
2012-11-14 18:33:00,gongyuanzhonglu(renminglu-henanlu),30.0,6.0
2012-11-14 18:34:00,gongyuanzhonglu(renminglu-henanlu),26.0,8.0
2012-11-14 18:35:00,gongyuanzhonglu(renminglu-henanlu),39.0,7.0
2012-11-14 18:36:00,gongyuanzhonglu(renminglu-henanlu),41.0,12.0
2012-11-14 18:37:00,gongyuanzhonglu(renminglu-henanlu),25.0,6.0
2012-11-14 18:38:00,gongyuanzhonglu(renminglu-henanlu),17.0,8.0
2012-11-14 18:39:00,gongyuanzhonglu(renminglu-henanlu),24.0,5.0
2012-11-14 18:40:00,gongyuanzhonglu(renminglu-henanlu),20.0,12.0
2012-11-14 18:41:00,gongyuanzhonglu(renminglu-henanlu),29.0,13.0
2012-11-14 18:42:00,gongyuanzhonglu(renminglu-henanlu),16.0,4.0
2012-11-14 18:43:00,gongyuanzhonglu(renminglu-henanlu),21.0,9.0
2012-11-14 18:44:00,gongyuanzhonglu(renminglu-henanlu),38.0,9.0
2012-11-14 18:45:00,gongyuanzhonglu(renminglu-henanlu),33.0,3.0
2012-11-14 18:46:00,gongyuanzhonglu(renminglu-henanlu),40.0,15.0
2012-11-14 18:47:00,gongyuanzhonglu(renminglu-henanlu),46.0,8.0
2012-11-14 18:48:00,gongyuanzhonglu(renminglu-henanlu),26.0,5.0
2012-11-14 18:49:00,gongyuanzhonglu(renminglu-henanlu),24.0,4.0
2012-11-14 18:50:00,gongyuanzhonglu(renminglu-henanlu),31.0,12.0
2012-11-14 18:51:00,gongyuanzhonglu(renminglu-henanlu),22.0,4.0
2012-11-14 18:52:00,gongyuanzhonglu(renminglu-henanlu),55.0,12.0
2012-11-14 18:53:00,gongyuanzhonglu(renminglu-henanlu),17.0,2.0
2012-11-14 18:54:00,gongyuanzhonglu(renminglu-henanlu),18.0,11.0
2012-11-14 18:55:00,gongyuanzhonglu(renminglu-henanlu),19.0,5.0
2012-11-14 18:56:00,gongyuanzhonglu(renminglu-henanlu),25.0,8.0
2012-11-14 18:57:00,gongyuanzhonglu(renminglu-henanlu),20.0,9.0
2012-11-14 18:58:00,gongyuanzhonglu(renminglu-henanlu),38.0,4.0
2012-11-14 18:59:00,gongyuanzhonglu(renminglu-henanlu),21.0,14.0
2012-11-14 19:00:00,gongyuanzhonglu(renminglu-henanlu),23.0,6.0
2012-11-14 19:01:00,gongyuanzhonglu(renminglu-henanlu),21.0,12.0
2012-11-14 19:02:00,gongyuanzhonglu(renminglu-henanlu),19.0,1.0
2012-11-14 19:03:00,gongyuanzhonglu(renminglu-henanlu),14.0,9.0
2012-11-14 19:04:00,gongyuanzhonglu(renminglu-henanlu),19.0,8.0
2012-11-14 19:05:00,gongyuanzhonglu(renminglu-henanlu),19.0,10.0
2012-11-14 19:06:00,gongyuanzhonglu(renminglu-henanlu),31.0,6.0
2012-11-14 19:07:00,gongyuanzhonglu(renminglu-henanlu),65.0,12.0
2012-11-14 19:08:00,gongyuanzhonglu(renminglu-henanlu),49.0,3.0
2012-11-14 19:09:00,gongyuanzhonglu(renminglu-henanlu),55.0,8.0
2012-11-14 19:10:00,gongyuanzhonglu(renminglu-henanlu),42.0,9.0
2012-11-14 19:11:00,gongyuanzhonglu(renminglu-henanlu),53.0,6.0
2012-11-14 19:12:00,gongyuanzhonglu(renminglu-henanlu),39.0,15.0
2012-11-14 19:13:00,gongyuanzhonglu(renminglu-henanlu),50.0,6.0
2012-11-14 19:14:00,gongyuanzhonglu(renminglu-henanlu),32.0,9.0
2012-11-14 19:15:00,gongyuanzhonglu(renminglu-henanlu),42.0,6.0
2012-11-14 19:16:00,gongyuanzhonglu(renminglu-henanlu),53.0,8.0
2012-11-14 19:17:00,gongyuanzhonglu(renminglu-henanlu),52.0,10.0
2012-11-14 19:18:00,gongyuanzhonglu(renminglu-henanlu),38.0,5.0
2012-11-14 19:19:00,gongyuanzhonglu(renminglu-henanlu),21.0,8.0
2012-11-14 19:20:00,gongyuanzhonglu(renminglu-henanlu),25.0,7.0
2012-11-14 19:21:00,gongyuanzhonglu(renminglu-henanlu),28.0,6.0
2012-11-14 19:22:00,gongyuanzhonglu(renminglu-henanlu),19.0,7.0
2012-11-14 19:23:00,gongyuanzhonglu(renminglu-henanlu),29.0,5.0
2012-11-14 19:24:00,gongyuanzhonglu(renminglu-henanlu),26.0,9.0
2012-11-14 19:25:00,gongyuanzhonglu(renminglu-henanlu),11.0,5.0
2012-11-14 19:26:00,gongyuanzhonglu(renminglu-henanlu),18.0,10.0
2012-11-14 19:27:00,gongyuanzhonglu(renminglu-henanlu),24.0,6.0
2012-11-14 19:28:00,gongyuanzhonglu(renminglu-henanlu),23.0,4.0
2012-11-14 19:29:00,gongyuanzhonglu(renminglu-henanlu),27.0,7.0
2012-11-14 19:30:00,gongyuanzhonglu(renminglu-henanlu),21.0,14.0
2012-11-14 19:31:00,gongyuanzhonglu(renminglu-henanlu),24.0,6.0
2012-11-14 19:32:00,gongyuanzhonglu(renminglu-henanlu),23.0,12.0
2012-11-14 19:33:00,gongyuanzhonglu(renminglu-henanlu),18.0,7.0
2012-11-14 19:34:00,gongyuanzhonglu(renminglu-henanlu),29.0,5.0
2012-11-14 19:35:00,gongyuanzhonglu(renminglu-henanlu),23.0,6.0
2012-11-14 19:36:00,gongyuanzhonglu(renminglu-henanlu),22.0,7.0
2012-11-14 19:37:00,gongyuanzhonglu(renminglu-henanlu),25.0,7.0
2012-11-14 19:38:00,gongyuanzhonglu(renminglu-henanlu),25.0,5.0
2012-11-14 19:39:00,gongyuanzhonglu(renminglu-henanlu),31.0,7.0
2012-11-14 19:40:00,gongyuanzhonglu(renminglu-henanlu),24.0,11.0
2012-11-14 19:41:00,gongyuanzhonglu(renminglu-henanlu),35.0,9.0
2012-11-14 19:42:00,gongyuanzhonglu(renminglu-henanlu),25.0,13.0
2012-11-14 19:43:00,gongyuanzhonglu(renminglu-henanlu),50.0,9.0
2012-11-14 19:44:00,gongyuanzhonglu(renminglu-henanlu),22.0,10.0
2012-11-14 19:45:00,gongyuanzhonglu(renminglu-henanlu),42.0,8.0
2012-11-14 19:46:00,gongyuanzhonglu(renminglu-henanlu),39.0,7.0
2012-11-14 19:47:00,gongyuanzhonglu(renminglu-henanlu),56.0,6.0
2012-11-14 19:48:00,gongyuanzhonglu(renminglu-henanlu),36.0,9.0
2012-11-14 19:49:00,gongyuanzhonglu(renminglu-henanlu),40.0,7.0
2012-11-14 19:50:00,gongyuanzhonglu(renminglu-henanlu),27.0,7.0
2012-11-14 19:51:00,gongyuanzhonglu(renminglu-henanlu),27.0,5.0
2012-11-14 19:52:00,gongyuanzhonglu(renminglu-henanlu),37.0,7.0
2012-11-14 19:53:00,gongyuanzhonglu(renminglu-henanlu),20.0,5.0
2012-11-14 19:54:00,gongyuanzhonglu(renminglu-henanlu),32.0,10.0
2012-11-14 19:55:00,gongyuanzhonglu(renminglu-henanlu),25.0,9.0
2012-11-14 19:56:00,gongyuanzhonglu(renminglu-henanlu),47.0,3.0
2012-11-14 19:57:00,gongyuanzhonglu(renminglu-henanlu),30.0,8.0
2012-11-14 19:58:00,gongyuanzhonglu(renminglu-henanlu),21.0,5.0
2012-11-14 19:59:00,gongyuanzhonglu(renminglu-henanlu),25.0,13.0
2012-11-14 20:00:00,gongyuanzhonglu(renminglu-henanlu),45.0,5.0
2012-11-14 20:01:00,gongyuanzhonglu(renminglu-henanlu),29.0,7.0
2012-11-14 20:02:00,gongyuanzhonglu(renminglu-henanlu),25.0,3.0
2012-11-14 20:03:00,gongyuanzhonglu(renminglu-henanlu),33.0,9.0
2012-11-14 20:04:00,gongyuanzhonglu(renminglu-henanlu),54.0,7.0
2012-11-14 20:05:00,gongyuanzhonglu(renminglu-henanlu),32.0,10.0
2012-11-14 20:06:00,gongyuanzhonglu(renminglu-henanlu),44.0,4.0
2012-11-14 20:07:00,gongyuanzhonglu(renminglu-henanlu),33.0,10.0
2012-11-14 20:08:00,gongyuanzhonglu(renminglu-henanlu),19.0,6.0
2012-11-14 20:09:00,gongyuanzhonglu(renminglu-henanlu),41.0,5.0
2012-11-14 20:10:00,gongyuanzhonglu(renminglu-henanlu),28.0,6.0
2012-11-14 20:11:00,gongyuanzhonglu(renminglu-henanlu),21.0,5.0
2012-11-14 20:12:00,gongyuanzhonglu(renminglu-henanlu),46.0,12.0
2012-11-14 20:13:00,gongyuanzhonglu(renminglu-henanlu),36.0,5.0
2012-11-14 20:14:00,gongyuanzhonglu(renminglu-henanlu),59.0,11.0
2012-11-14 20:15:00,gongyuanzhonglu(renminglu-henanlu),54.0,7.0
2012-11-14 20:16:00,gongyuanzhonglu(renminglu-henanlu),70.0,13.0
2012-11-14 20:17:00,gongyuanzhonglu(renminglu-henanlu),44.0,3.0
2012-11-14 20:18:00,gongyuanzhonglu(renminglu-henanlu),53.0,11.0
2012-11-14 20:19:00,gongyuanzhonglu(renminglu-henanlu),30.0,3.0
2012-11-14 20:20:00,gongyuanzhonglu(renminglu-henanlu),45.0,10.0
2012-11-14 20:21:00,gongyuanzhonglu(renminglu-henanlu),39.0,8.0
2012-11-14 20:22:00,gongyuanzhonglu(renminglu-henanlu),57.0,9.0
2012-11-14 20:23:00,gongyuanzhonglu(renminglu-henanlu),58.0,13.0
2012-11-14 20:24:00,gongyuanzhonglu(renminglu-henanlu),48.0,14.0
2012-11-14 20:25:00,gongyuanzhonglu(renminglu-henanlu),27.0,8.0
2012-11-14 20:26:00,gongyuanzhonglu(renminglu-henanlu),54.0,5.0
2012-11-14 20:27:00,gongyuanzhonglu(renminglu-henanlu),27.0,11.0
2012-11-14 20:28:00,gongyuanzhonglu(renminglu-henanlu),61.0,4.0
2012-11-14 20:29:00,gongyuanzhonglu(renminglu-henanlu),55.0,13.0
2012-11-14 20:30:00,gongyuanzhonglu(renminglu-henanlu),53.0,6.0
2012-11-14 20:31:00,gongyuanzhonglu(renminglu-henanlu),33.0,4.0
2012-11-14 20:32:00,gongyuanzhonglu(renminglu-henanlu),31.0,3.0
2012-11-14 20:33:00,gongyuanzhonglu(renminglu-henanlu),43.0,3.0
2012-11-14 20:34:00,gongyuanzhonglu(renminglu-henanlu),24.0,7.0
2012-11-14 20:35:00,gongyuanzhonglu(renminglu-henanlu),40.0,10.0
2012-11-14 20:36:00,gongyuanzhonglu(renminglu-henanlu),47.0,4.0
2012-11-14 20:37:00,gongyuanzhonglu(renminglu-henanlu),73.0,8.0
2012-11-14 20:38:00,gongyuanzhonglu(renminglu-henanlu),73.0,8.0
2012-11-14 20:39:00,gongyuanzhonglu(renminglu-henanlu),53.0,11.0
2012-11-14 20:40:00,gongyuanzhonglu(renminglu-henanlu),32.0,4.0
2012-11-14 20:41:00,gongyuanzhonglu(renminglu-henanlu),60.0,9.0
2012-11-14 20:42:00,gongyuanzhonglu(renminglu-henanlu),40.0,6.0
2012-11-14 20:43:00,gongyuanzhonglu(renminglu-henanlu),56.0,6.0
2012-11-14 20:44:00,gongyuanzhonglu(renminglu-henanlu),61.0,4.0
2012-11-14 20:45:00,gongyuanzhonglu(renminglu-henanlu),42.0,5.0
2012-11-14 20:46:00,gongyuanzhonglu(renminglu-henanlu),67.0,9.0
2012-11-14 20:47:00,gongyuanzhonglu(renminglu-henanlu),25.0,7.0
2012-11-14 20:48:00,gongyuanzhonglu(renminglu-henanlu),48.0,3.0
2012-11-14 20:49:00,gongyuanzhonglu(renminglu-henanlu),61.0,9.0
2012-11-14 20:50:00,gongyuanzhonglu(renminglu-henanlu),78.0,8.0
2012-11-14 20:51:00,gongyuanzhonglu(renminglu-henanlu),28.0,4.0
2012-11-14 20:52:00,gongyuanzhonglu(renminglu-henanlu),82.0,7.0
2012-11-14 20:53:00,gongyuanzhonglu(renminglu-henanlu),58.0,9.0
2012-11-14 20:54:00,gongyuanzhonglu(renminglu-henanlu),42.0,7.0
2012-11-14 20:55:00,gongyuanzhonglu(renminglu-henanlu),47.0,13.0
2012-11-14 20:56:00,gongyuanzhonglu(renminglu-henanlu),31.0,4.0
2012-11-14 20:57:00,gongyuanzhonglu(renminglu-henanlu),52.0,10.0
2012-11-14 20:58:00,gongyuanzhonglu(renminglu-henanlu),34.0,9.0
2012-11-14 20:59:00,gongyuanzhonglu(renminglu-henanlu),27.0,3.0
2012-11-14 21:00:00,gongyuanzhonglu(renminglu-henanlu),56.0,9.0
2012-11-14 21:01:00,gongyuanzhonglu(renminglu-henanlu),19.0,1.0
2012-11-14 21:02:00,gongyuanzhonglu(renminglu-henanlu),53.0,10.0
2012-11-14 21:03:00,gongyuanzhonglu(renminglu-henanlu),61.0,6.0
2012-11-14 21:04:00,gongyuanzhonglu(renminglu-henanlu),68.0,5.0
2012-11-14 21:05:00,gongyuanzhonglu(renminglu-henanlu),58.0,5.0
2012-11-14 21:06:00,gongyuanzhonglu(renminglu-henanlu),40.0,3.0
2012-11-14 21:07:00,gongyuanzhonglu(renminglu-henanlu),26.0,5.0
2012-11-14 21:08:00,gongyuanzhonglu(renminglu-henanlu),40.0,9.0
2012-11-14 21:09:00,gongyuanzhonglu(renminglu-henanlu),73.0,4.0
2012-11-14 21:10:00,gongyuanzhonglu(renminglu-henanlu),23.0,2.0
2012-11-14 21:11:00,gongyuanzhonglu(renminglu-henanlu),46.0,12.0
2012-11-14 21:12:00,gongyuanzhonglu(renminglu-henanlu),58.0,8.0
2012-11-14 21:13:00,gongyuanzhonglu(renminglu-henanlu),31.0,2.0
2012-11-14 21:14:00,gongyuanzhonglu(renminglu-henanlu),65.0,4.0
2012-11-14 21:15:00,gongyuanzhonglu(renminglu-henanlu),62.0,8.0
2012-11-14 21:16:00,gongyuanzhonglu(renminglu-henanlu),62.0,2.0
2012-11-14 21:17:00,gongyuanzhonglu(renminglu-henanlu),73.0,6.0
2012-11-14 21:18:00,gongyuanzhonglu(renminglu-henanlu),37.0,3.0
2012-11-14 21:19:00,gongyuanzhonglu(renminglu-henanlu),32.0,2.0
2012-11-14 21:20:00,gongyuanzhonglu(renminglu-henanlu),58.0,11.0
2012-11-14 21:21:00,gongyuanzhonglu(renminglu-henanlu),58.0,3.0
2012-11-14 21:22:00,gongyuanzhonglu(renminglu-henanlu),43.0,7.0
2012-11-14 21:23:00,gongyuanzhonglu(renminglu-henanlu),73.0,6.0
2012-11-14 21:24:00,gongyuanzhonglu(renminglu-henanlu),32.0,5.0
2012-11-14 21:25:00,gongyuanzhonglu(renminglu-henanlu),41.0,1.0
2012-11-14 21:26:00,gongyuanzhonglu(renminglu-henanlu),65.0,7.0
2012-11-14 21:27:00,gongyuanzhonglu(renminglu-henanlu),32.0,2.0
2012-11-14 21:28:00,gongyuanzhonglu(renminglu-henanlu),61.0,10.0
2012-11-14 21:29:00,gongyuanzhonglu(renminglu-henanlu),65.0,6.0
2012-11-14 21:30:00,gongyuanzhonglu(renminglu-henanlu),49.0,6.0
2012-11-14 21:31:00,gongyuanzhonglu(renminglu-henanlu),53.0,9.0
2012-11-14 21:32:00,gongyuanzhonglu(renminglu-henanlu),66.0,6.0
2012-11-14 21:33:00,gongyuanzhonglu(renminglu-henanlu),39.0,10.0
2012-11-14 21:34:00,gongyuanzhonglu(renminglu-henanlu),46.0,11.0
2012-11-14 21:35:00,gongyuanzhonglu(renminglu-henanlu),50.0,10.0
2012-11-14 21:36:00,gongyuanzhonglu(renminglu-henanlu),47.0,5.0
2012-11-14 21:37:00,gongyuanzhonglu(renminglu-henanlu),30.0,3.0
2012-11-14 21:38:00,gongyuanzhonglu(renminglu-henanlu),31.0,2.0
2012-11-14 21:39:00,gongyuanzhonglu(renminglu-henanlu),52.0,8.0
2012-11-14 21:40:00,gongyuanzhonglu(renminglu-henanlu),28.0,1.0
2012-11-14 21:41:00,gongyuanzhonglu(renminglu-henanlu),36.0,4.0
2012-11-14 21:42:00,gongyuanzhonglu(renminglu-henanlu),36.0,4.0
2012-11-14 21:43:00,gongyuanzhonglu(renminglu-henanlu),34.0,3.0
2012-11-14 21:44:00,gongyuanzhonglu(renminglu-henanlu),28.0,1.0
2012-11-14 21:45:00,gongyuanzhonglu(renminglu-henanlu),32.0,4.0
2012-11-14 21:46:00,gongyuanzhonglu(renminglu-henanlu),33.0,5.0
2012-11-14 21:47:00,gongyuanzhonglu(renminglu-henanlu),41.0,4.0
2012-11-14 21:48:00,gongyuanzhonglu(renminglu-henanlu),30.0,6.0
2012-11-14 21:49:00,gongyuanzhonglu(renminglu-henanlu),36.0,4.0
2012-11-14 21:50:00,gongyuanzhonglu(renminglu-henanlu),29.0,4.0
2012-11-14 21:51:00,gongyuanzhonglu(renminglu-henanlu),22.0,2.0
2012-11-14 21:52:00,gongyuanzhonglu(renminglu-henanlu),46.0,5.0
2012-11-14 21:53:00,gongyuanzhonglu(renminglu-henanlu),24.0,7.0
2012-11-14 21:54:00,gongyuanzhonglu(renminglu-henanlu),38.0,3.0
2012-11-14 21:55:00,gongyuanzhonglu(renminglu-henanlu),49.0,1.0
2012-11-14 21:56:00,gongyuanzhonglu(renminglu-henanlu),39.0,5.0
2012-11-14 21:57:00,gongyuanzhonglu(renminglu-henanlu),48.0,5.0
2012-11-14 21:58:00,gongyuanzhonglu(renminglu-henanlu),55.0,7.0
2012-11-14 21:59:00,gongyuanzhonglu(renminglu-henanlu),50.0,6.0
2012-11-14 22:00:00,gongyuanzhonglu(renminglu-henanlu),41.0,3.0
2012-11-14 22:01:00,gongyuanzhonglu(renminglu-henanlu),77.0,6.0
2012-11-14 22:02:00,gongyuanzhonglu(renminglu-henanlu),73.0,5.0
2012-11-14 22:03:00,gongyuanzhonglu(renminglu-henanlu),76.0,5.0
2012-11-14 22:04:00,gongyuanzhonglu(renminglu-henanlu),39.0,1.0
2012-11-14 22:05:00,gongyuanzhonglu(renminglu-henanlu),77.0,6.0
2012-11-14 22:06:00,gongyuanzhonglu(renminglu-henanlu),46.0,3.0
2012-11-14 22:07:00,gongyuanzhonglu(renminglu-henanlu),50.0,9.0
2012-11-14 22:08:00,gongyuanzhonglu(renminglu-henanlu),53.0,7.0
2012-11-14 22:09:00,gongyuanzhonglu(renminglu-henanlu),40.0,4.0
2012-11-14 22:10:00,gongyuanzhonglu(renminglu-henanlu),56.0,3.0
2012-11-14 22:11:00,gongyuanzhonglu(renminglu-henanlu),50.0,4.0
2012-11-14 22:12:00,gongyuanzhonglu(renminglu-henanlu),55.0,10.0
2012-11-14 22:13:00,gongyuanzhonglu(renminglu-henanlu),57.0,4.0
2012-11-14 22:14:00,gongyuanzhonglu(renminglu-henanlu),73.0,6.0
2012-11-14 22:15:00,gongyuanzhonglu(renminglu-henanlu),41.0,5.0
2012-11-14 22:16:00,gongyuanzhonglu(renminglu-henanlu),77.0,4.0
2012-11-14 22:17:00,gongyuanzhonglu(renminglu-henanlu),44.0,5.0
2012-11-14 22:18:00,gongyuanzhonglu(renminglu-henanlu),47.0,2.0
2012-11-14 22:19:00,gongyuanzhonglu(renminglu-henanlu),42.0,2.0
2012-11-14 22:20:00,gongyuanzhonglu(renminglu-henanlu),51.0,1.0
2012-11-14 22:21:00,gongyuanzhonglu(renminglu-henanlu),49.0,9.0
2012-11-14 22:22:00,gongyuanzhonglu(renminglu-henanlu),50.0,4.0
2012-11-14 22:23:00,gongyuanzhonglu(renminglu-henanlu),66.0,6.0
2012-11-14 22:24:00,gongyuanzhonglu(renminglu-henanlu),16.0,1.0
2012-11-14 22:25:00,gongyuanzhonglu(renminglu-henanlu),52.0,9.0
2012-11-14 22:26:00,gongyuanzhonglu(renminglu-henanlu),17.0,1.0
2012-11-14 22:27:00,gongyuanzhonglu(renminglu-henanlu),69.0,6.0
2012-11-14 22:28:00,gongyuanzhonglu(renminglu-henanlu),56.0,5.0
2012-11-14 22:29:00,gongyuanzhonglu(renminglu-henanlu),25.0,2.0
2012-11-14 22:30:00,gongyuanzhonglu(renminglu-henanlu),27.0,6.0
2012-11-14 22:31:00,gongyuanzhonglu(renminglu-henanlu),32.0,3.0
2012-11-14 22:32:00,gongyuanzhonglu(renminglu-henanlu),38.0,6.0
2012-11-14 22:33:00,gongyuanzhonglu(renminglu-henanlu),62.0,2.0
2012-11-14 22:34:00,gongyuanzhonglu(renminglu-henanlu),68.0,1.0
2012-11-14 22:35:00,gongyuanzhonglu(renminglu-henanlu),40.0,1.0
2012-11-14 22:36:00,gongyuanzhonglu(renminglu-henanlu),93.0,7.0
2012-11-14 22:37:00,gongyuanzhonglu(renminglu-henanlu),35.0,1.0
2012-11-14 22:38:00,gongyuanzhonglu(renminglu-henanlu),68.0,3.0
2012-11-14 22:39:00,gongyuanzhonglu(renminglu-henanlu),77.0,3.0
2012-11-14 22:40:00,gongyuanzhonglu(renminglu-henanlu),94.0,7.0
2012-11-14 22:41:00,gongyuanzhonglu(renminglu-henanlu),29.0,3.0
2012-11-14 22:42:00,gongyuanzhonglu(renminglu-henanlu),74.0,4.0
2012-11-14 22:43:00,gongyuanzhonglu(renminglu-henanlu),42.0,1.0
2012-11-14 22:44:00,gongyuanzhonglu(renminglu-henanlu),53.0,3.0
2012-11-14 22:45:00,gongyuanzhonglu(renminglu-henanlu),49.0,1.0
2012-11-14 22:46:00,gongyuanzhonglu(renminglu-henanlu),34.0,1.0
2012-11-14 22:47:00,gongyuanzhonglu(renminglu-henanlu),105.0,7.0
2012-11-14 22:48:00,gongyuanzhonglu(renminglu-henanlu),73.0,2.0
2012-11-14 22:49:00,gongyuanzhonglu(renminglu-henanlu),36.0,3.0
2012-11-14 22:50:00,gongyuanzhonglu(renminglu-henanlu),13.0,2.0
2012-11-14 22:51:00,gongyuanzhonglu(renminglu-henanlu),35.0,3.0
2012-11-14 22:52:00,gongyuanzhonglu(renminglu-henanlu),20.0,1.0
2012-11-14 22:53:00,gongyuanzhonglu(renminglu-henanlu),44.0,3.0
2012-11-14 22:54:00,gongyuanzhonglu(renminglu-henanlu),29.0,2.0
2012-11-14 22:55:00,gongyuanzhonglu(renminglu-henanlu),43.0,5.0
2012-11-14 22:56:00,gongyuanzhonglu(renminglu-henanlu),47.0,5.0
2012-11-14 22:57:00,gongyuanzhonglu(renminglu-henanlu),44.0,3.0
2012-11-14 22:58:00,gongyuanzhonglu(renminglu-henanlu),55.0,2.0
2012-11-14 22:59:00,gongyuanzhonglu(renminglu-henanlu),45.0,1.0
2012-11-14 23:00:00,gongyuanzhonglu(renminglu-henanlu),42.0,6.0
2012-11-14 23:01:00,gongyuanzhonglu(renminglu-henanlu),23.0,2.0
2012-11-14 23:02:00,gongyuanzhonglu(renminglu-henanlu),49.0,2.0
2012-11-14 23:03:00,gongyuanzhonglu(renminglu-henanlu),6.0,1.0
2012-11-14 23:04:00,gongyuanzhonglu(renminglu-henanlu),32.0,3.0
2012-11-14 23:05:00,gongyuanzhonglu(renminglu-henanlu),32.0,2.0
2012-11-14 23:06:00,gongyuanzhonglu(renminglu-henanlu),45.0,2.0
2012-11-14 23:07:00,gongyuanzhonglu(renminglu-henanlu),22.0,3.0
2012-11-14 23:08:00,gongyuanzhonglu(renminglu-henanlu),29.0,2.0
2012-11-14 23:09:00,gongyuanzhonglu(renminglu-henanlu),16.0,3.0
2012-11-14 23:10:00,gongyuanzhonglu(renminglu-henanlu),31.0,2.0
2012-11-14 23:11:00,gongyuanzhonglu(renminglu-henanlu),36.0,3.0
2012-11-14 23:12:00,gongyuanzhonglu(renminglu-henanlu),15.0,2.0
2012-11-14 23:13:00,gongyuanzhonglu(renminglu-henanlu),25.0,3.0
2012-11-14 23:14:00,gongyuanzhonglu(renminglu-henanlu),47.0,3.0
2012-11-14 23:15:00,gongyuanzhonglu(renminglu-henanlu),26.0,3.0
2012-11-14 23:16:00,gongyuanzhonglu(renminglu-henanlu),40.0,5.0
2012-11-14 23:17:00,gongyuanzhonglu(renminglu-henanlu),36.0,4.0
2012-11-14 23:18:00,gongyuanzhonglu(renminglu-henanlu),31.0,2.0
2012-11-14 23:19:00,gongyuanzhonglu(renminglu-henanlu),94.0,5.0
2012-11-14 23:20:00,gongyuanzhonglu(renminglu-henanlu),69.0,5.0
2012-11-14 23:21:00,gongyuanzhonglu(renminglu-henanlu),29.0,6.0
2012-11-14 23:22:00,gongyuanzhonglu(renminglu-henanlu),41.0,5.0
2012-11-14 23:23:00,gongyuanzhonglu(renminglu-henanlu),81.0,2.0
2012-11-14 23:24:00,gongyuanzhonglu(renminglu-henanlu),53.0,3.0
2012-11-14 23:25:00,gongyuanzhonglu(renminglu-henanlu),40.0,6.0
2012-11-14 23:26:00,gongyuanzhonglu(renminglu-henanlu),50.0,2.0
2012-11-14 23:27:00,gongyuanzhonglu(renminglu-henanlu),33.0,1.0
2012-11-14 23:28:00,gongyuanzhonglu(renminglu-henanlu),32.0,2.0
2012-11-14 23:29:00,gongyuanzhonglu(renminglu-henanlu),50.0,1.0
2012-11-14 23:30:00,gongyuanzhonglu(renminglu-henanlu),39.0,4.0
2012-11-14 23:31:00,gongyuanzhonglu(renminglu-henanlu),34.0,2.0
2012-11-14 23:32:00,gongyuanzhonglu(renminglu-henanlu),49.0,1.0
2012-11-14 23:33:00,gongyuanzhonglu(renminglu-henanlu),36.0,3.0
2012-11-14 23:34:00,gongyuanzhonglu(renminglu-henanlu),40.0,5.0
2012-11-14 23:35:00,gongyuanzhonglu(renminglu-henanlu),26.0,3.0
2012-11-14 23:36:00,gongyuanzhonglu(renminglu-henanlu),30.0,4.0
2012-11-14 23:37:00,gongyuanzhonglu(renminglu-henanlu),33.0,4.0
2012-11-14 23:38:00,gongyuanzhonglu(renminglu-henanlu),29.0,3.0
2012-11-14 23:39:00,gongyuanzhonglu(renminglu-henanlu),36.0,2.0
2012-11-14 23:40:00,gongyuanzhonglu(renminglu-henanlu),41.0,6.0
2012-11-14 23:41:00,gongyuanzhonglu(renminglu-henanlu),49.0,1.0
2012-11-14 23:42:00,gongyuanzhonglu(renminglu-henanlu),36.0,5.0
2012-11-14 23:43:00,gongyuanzhonglu(renminglu-henanlu),66.0,2.0
2012-11-14 23:44:00,gongyuanzhonglu(renminglu-henanlu),32.0,6.0
2012-11-14 23:45:00,gongyuanzhonglu(renminglu-henanlu),29.0,3.0
2012-11-14 23:46:00,gongyuanzhonglu(renminglu-henanlu),39.0,8.0
2012-11-14 23:47:00,gongyuanzhonglu(renminglu-henanlu),34.0,4.0
2012-11-14 23:48:00,gongyuanzhonglu(renminglu-henanlu),55.0,2.0
2012-11-14 23:49:00,gongyuanzhonglu(renminglu-henanlu),30.0,2.0
2012-11-14 23:50:00,gongyuanzhonglu(renminglu-henanlu),36.0,4.0
2012-11-14 23:51:00,gongyuanzhonglu(renminglu-henanlu),31.0,2.0
2012-11-14 23:52:00,gongyuanzhonglu(renminglu-henanlu),42.0,2.0
2012-11-14 23:53:00,gongyuanzhonglu(renminglu-henanlu),32.0,2.0
2012-11-14 23:54:00,gongyuanzhonglu(renminglu-henanlu),25.0,1.0
2012-11-14 23:55:00,gongyuanzhonglu(renminglu-henanlu),32.0,5.0
2012-11-14 23:56:00,gongyuanzhonglu(renminglu-henanlu),35.0,2.0
2012-11-14 23:57:00,gongyuanzhonglu(renminglu-henanlu),26.0,4.0
2012-11-14 23:58:00,gongyuanzhonglu(renminglu-henanlu),25.0,1.0
2012-11-14 23:59:00,gongyuanzhonglu(renminglu-henanlu),37.0,5.0
